record_id,screenshot_file,screenshot_index,message_order,source,visible_date_label,extracted_text
1,precleaned\Bernard - April 21 - 22 Imgs\IMG_8468.PNG,1,1,TablePlus,"Mon, 23 Mar at 7:05PM",TablePlus: You still have an active balance. Reactivate with just 10P to claim your 18P starter gift. See your 3 percent daily back. Only on tbplus88.com
2,precleaned\Bernard - April 21 - 22 Imgs\IMG_8469.PNG,2,1,Grab,"Sat, 21 Feb at 6:51PM","Get app now and grab a P37 GIFT! Plus a P15 sign-up incentive and 17 daily PRIZES. Total rewards can reach up to a MIND-BLOWING P1,777! ikrfhf.de"
3,precleaned\Bernard - April 21 - 22 Imgs\IMG_8470.PNG,3,1,Unknown,"Tue, 10 Feb at 11:54 AM","Free P200 and 120 Free Spins Today! Join our https://bit.ly/ 4OOHLPi Month event Now to win Car, Smartphone, or Al Glasses. Login now."
4,precleaned\Bernard - April 21 - 22 Imgs\IMG_8471.PNG,4,1,Unknown,"Tue, 20 Jan at 12:42 AM","Bright days ahead—P8 Free Try, 100% Welcome Bonus & P8,888 USE 716120 at BangoWin.com"
5,precleaned\Bernard - April 21 - 22 Imgs\IMG_8472.PNG,5,1,Unknown,,"FREE P20 is waiting for you! New platform, triple the fun. Get your 300% Welcome Bonus Now! Up to P21,000 for grabs! Pagcor Accredited : free.lucky.ph/funny"
6,precleaned\Bernard - April 21 - 22 Imgs\IMG_8473.PNG,6,1,Globe,,Welcome to Globe! Make sure your eSIM is registered and compliant with the law to enjoy our services:
7,precleaned\Bernard - April 21 - 22 Imgs\IMG_8473.PNG,6,2,Unknown,,- Turn ON mobile data.
8,precleaned\Bernard - April 21 - 22 Imgs\IMG_8473.PNG,6,3,Unknown,,- Open GlobeOne and tap Register your SIM.
9,precleaned\Bernard - April 21 - 22 Imgs\IMG_8473.PNG,6,4,Unknown,,- Fill out the form with accurate details.
10,precleaned\Bernard - April 21 - 22 Imgs\IMG_8473.PNG,6,5,Unknown,,- Upload a clear photo of a valid government ID.
11,precleaned\Bernard - April 21 - 22 Imgs\IMG_8473.PNG,6,6,Unknown,,"- Take a selfie (portrait mode, no accessories, plain background, well-lit)."
12,precleaned\Bernard - April 21 - 22 Imgs\IMG_8473.PNG,6,7,Unknown,,- Complete your registration— you're all set!
13,precleaned\Bernard - April 21 - 22 Imgs\IMG_8473.PNG,6,8,Globe,,You can also register at the official Globe SIM Registration website. REF#:FGWSNC1
14,precleaned\Bernard - April 21 - 22 Imgs\IMG_8474.PNG,7,1,Globe,,"Thank you for registering your SIM! You can now enjoy your FREE UNLI 5G 50. Enjoy UNLIMITED 5G data and 2GB for all sites. To check the status of your freebie, just text DATA BAL to 8080. Please be reminded that submission of false information is punishable by law. For more information, visit the SIM Registration FAQs on Globe's official website."
15,precleaned\Bernard - April 21 - 22 Imgs\IMG_8475.PNG,8,1,BPI,"Wed, 1 Apr at 5:34PM","Get up to Php 18,000 eGCs for fuel, groceries, and more with a new BPI Credit Card - plus waived annual fees*! Apply in just 3 minutes via the BPI app or BPI online - no docs needed. Just log in and tap the inbox/envelope icon to start! You can text BPICC (space) C-J5YS4 (space) FULL NAME & send to 22565068 until 04/15/26. *T&Cs apply. DTI#250009, $2026. Text STOP to 09221101742 to unsubscribe."
16,precleaned\Bernard - April 21 - 22 Imgs\IMG_8476.PNG,9,1,BPI,,Banks closed this Holy Week. Deposit or withdraw from your BPI account for FREE at any of our participating partner stores nationwide. Just ask a store personnel for assistance.
17,precleaned\Bernard - April 21 - 22 Imgs\IMG_8476.PNG,9,2,Unknown,,"To know partner store near you, visit BP| Website > Search Partner Store."
18,precleaned\Bernard - April 21 - 22 Imgs\IMG_8476.PNG,9,3,Unknown,,Text STOP to 09221101742 to unsubscribe.
19,precleaned\Bernard - April 21 - 22 Imgs\IMG_8477.PNG,10,1,BPI,"Mon, 30 Mar at 7:11PM","Got a call from an unknown number about your bank account? Stay cautious. Scammers may pretend to be legitimate and ask for sensitive details. If the call feels urgent or suspicious, end it and verify through official channels. Remember: BPI will never ask for your OTP, PIN, passwords, or personal information through messages or calls. BPI will not instruct you to transfer funds for any account issue. If someone claims there is ""unusual activity"" and asks for your details or money, stop immediately. When in doubt, contact the BPI 24/7 Contact Center: (+632) 889-10000"
20,precleaned\Bernard - April 21 - 22 Imgs\IMG_8479.PNG,11,1,Lazada,"Wed, 18 Feb at 11:39 AM","Get a chance to win up to PHP 150 Lazada voucher when you buy at least PHP 300 regular Smart load on the Metrobank App. Just log in to your account, and tap 'Send Load"". Promo runs from Feb 15 to Mar 15, 2026. T&Cs apply. Metrobank is BSP-regulated. DT1248176"
21,precleaned\Bernard - April 21 - 22 Imgs\IMG_8479.PNG,11,2,Metrobank,"Wed, 18 Feb at 7:29PM","Save up to PHP 60K with our Goals Made Real promo for car and home loans. Apply by May 29, 2026. T&Cs apply. DT1248563, 248558. Metrobank is BSP-regulated."
22,precleaned\Bernard - April 21 - 22 Imgs\IMG_8480.PNG,12,1,Metrobank,"Thu, 4 Dec at 8:12 PM","Greetings from Metrobank! Jocelyn Anne Barce just sent you PHP 6,600.00. Message from sender: Fees. Thank you."
23,precleaned\Bernard - April 21 - 22 Imgs\IMG_8481.PNG,13,1,Unknown,,"REMINDER: We will have a scheduled system upgrade on October 12 (SUN), from 2:00AM to 2:00PM. Our debit cards, online channels, and other services, will be temporarily unavailable. Please plan ahead. Visit our social media pages for updates. For concerns, call at (02)87000700. Thank you."
24,precleaned\Bernard - April 21 - 22 Imgs\IMG_8481.PNG,13,2,Metrobank,"Fri, 17 Oct at 11:53AM","Greetings from Metrobank! Jocelyn Anne Barce just sent you PHP 7,500.00. Message from sender: Personal Expense. Thank you."
25,precleaned\Bernard - April 21 - 22 Imgs\IMG_8481.PNG,13,3,Metrobank,"Sat, 25 Oct at 1:49PM","Greetings from Metrobank! Jocelyn Anne Barce just sent you PHP 5,840.00. Message from sender: Personal Expense. Thank you."
26,precleaned\Bernard - April 21 - 22 Imgs\IMG_8482.PNG,14,1,Metrobank,,"Greetings from Metrobank! Jocelyn Anne Barce just sent you PHP 5,420.00. Message from sender: Personal Expense. Thank you."
27,precleaned\Bernard - April 21 - 22 Imgs\IMG_8482.PNG,14,2,Unknown,"Fri, 3 Oct at 11:11AM","To improve your experience, we will have a scheduled system upgrade on October 12 (SUN), from 2:00AM to 2:00PM. Our debit cards, online channels, and other services, will be temporarily unavailable. Please plan ahead. Visit our social media pages for updates. For concerns, call (02)87000700. Thank you."
28,precleaned\Bernard - April 21 - 22 Imgs\IMG_8483.PNG,15,1,Metrobank,"Mon, 15 Sep at 3:08PM",Greetings from Metrobank! Jocelyn Anne Barce just sent you PHP 300.00. Message from sender: Fees. Thank you.
29,precleaned\Bernard - April 21 - 22 Imgs\IMG_8484.PNG,16,1,Metrobank,"Sun, 25 May at 5:15PM",Greetings from Metrobank! Jocelyn Anne Barce just sent you PHP 500.00. Message from sender: Personal Expense. Thank you.
30,precleaned\Bernard - April 21 - 22 Imgs\IMG_8484.PNG,16,2,Metrobank,"Thu, 5 Jun at 11:53PM",Greetings from Metrobank! Jocelyn Anne Barce just sent you PHP 400.00. Message from sender: Fees. Thank you.
31,precleaned\Bernard - April 21 - 22 Imgs\IMG_8484.PNG,16,3,Metrobank,"Sat, 7 Jun at 5:24 PM","Greetings from Metrobank! Jocelyn Anne Barce just sent you PHP 5,860.00. Message from sender: Personal Expense. Thank you."
32,precleaned\Bernard - April 21 - 22 Imgs\IMG_8485.PNG,17,1,Unknown,,21 Nov 2024 at 1:07PM Dr. Kimberly Mae Ong is IN and will now be seeing patients. Download the Now Serving App with invite code j2Vt3uj7 at https://hi.nowserving.ph/ j2Vt3uj7 and wait for your turn. Thanks for using NowServing! Rate your recent consultation with Dr. Ong now hitps:// .nowserving.ph/ mgewUYAQdaijcVhc7
33,precleaned\Bernard - April 21 - 22 Imgs\IMG_8485.PNG,17,2,Unknown,"Wed, 18 Mar at 4:21PM",Your Now Serving OTP Code is 473542
34,precleaned\Bernard - April 21 - 22 Imgs\IMG_8485.PNG,17,3,Unknown,"Wed, 18 Mar at 11:38 PM","Accepted! Your Dr Santiago appt is Mar20,2026. View details with NowServing code $1a6Fij5 at https:// hi2.nowserving.ph/s1a6Fjj5"
35,precleaned\Bernard - April 21 - 22 Imgs\IMG_8486.PNG,18,1,Maya,,"MayaRewards ) Nice! You received a P20 voucher from Maya. Use It for your load, bills, shopping, and more. Tap 'Vouchers' on the app to claim your gift before it expires!"
36,precleaned\Bernard - April 21 - 22 Imgs\IMG_8486.PNG,18,2,Maya,"Wed, 24 Dec at 1:58AM","Nice! You received a P20 voucher from Maya. Use it for your load, bills, shopping, and more. Tap 'Vouchers' on the app to claim your gift before it expires!"
37,precleaned\Bernard - April 21 - 22 Imgs\IMG_8486.PNG,18,3,Maya,"Mon, 16 Mar at 10:38 PM","Nice! You received a P20 voucher from Maya. Use it for your load, bills, shopping, and more. Tap 'Vouchers' on the app to claim your gift before it expires! Nice! You received a P20 voucher from Maya. Use it for your load, bills, shopping, and more. Tap 'Vouchers' on the app to claim your gift before it expires!"
38,precleaned\Bernard - April 21 - 22 Imgs\IMG_8487(1).PNG,19,1,Grab,,"21 Jan 2024 at 1:55PM Grab a P20 voucher now! Explore the app - load, save, invest, send money, pay bills, shop & more. Hurry before it expires!"
39,precleaned\Bernard - April 21 - 22 Imgs\IMG_8487(2).PNG,20,1,Maya,,27 Jan 2024 at 11:59AM Easy 10% cashback with Maya! Just use Maya in stores or when shopping online in the next 7 days. Check your Maya Messages now to know more!
40,precleaned\Bernard - April 21 - 22 Imgs\IMG_8487.PNG,21,1,Unknown,,"25 Jan 2024 at 3:29PM Enjoy a P20 FREE Voucher. Explore load, savings, crypto, bills payment and more! Open the app now!"
41,precleaned\Bernard - April 26 - 78 imgs\IMG_1883(1).jpg,22,1,Unknown,Yesterday 12:52PM,"J&T DELIVERY! TN: JT0016817423022, Rider: THRIX PUAL A TAN. Your COD amount ts 835.00. You can pay by cash or conveniently online when the rider arrives. Please note that a photo proof of delivery is required. Thank you for choosing J&T Express Philippines! Stay safe and have a great day ahead."
42,precleaned\Bernard - April 26 - 78 imgs\IMG_1883.jpg,23,1,Unknown,,"J&T DELIVERY! TN: JT0016817423022 Rider: THRIX PUAL A TAN, | have try calling your number but no one answers, kindly call me back when you are available. For further concern, you may call (02)8911-1888. Thanks and be Safe!"
43,precleaned\Bernard - April 26 - 78 imgs\IMG_1884.jpg,24,1,Unknown,,"Wednesday 1:05PM J&T DELIVERY! TN: JT0016681548778, Rider: THRIX PUAL A TAN. Your COD amount is 999.00. You can pay by cash or conveniently online when the rider arrives. Please note that a photo proof of delivery is required. Thank you for choosing J&T Express Philippines! Stay safe and have a great day ahead."
44,precleaned\Bernard - April 26 - 78 imgs\IMG_1885.jpg,25,1,Unknown,"Wed, Feb 25 at 8:45AM","J&T DELIVERY! TN: 820140287017, Rider: THRIX PUAL A TAN. Your COD amount is 308.79. You can pay by cash or conveniently online when the rider arrives. Please note that a photo proof of delivery is required. Thank you for choosing J&T Express Philippines! Stay safe and have a great day ahead."
45,precleaned\Bernard - April 26 - 78 imgs\IMG_1886.jpg,26,1,Unknown,"Fri, Feb 20 at 12:49PM","J&T DELIVERY! TN: JT0013829748551, Rider: THRIX PUAL A TAN. Your COD amount is 669.00. You can pay by cash or conveniently online when the rider arrives. Please note that a photo proof of delivery is required. Thank you for choosing J&T Express Philippines! Stay safe and have a great day ahead."
46,precleaned\Bernard - April 26 - 78 imgs\IMG_1887.jpg,27,1,Unknown,"Sun, Feb 15 at 8:34AM","J&T DELIVERY! TN: JT0013624686688, Rider: THRIX PUAL A TAN. Your COD amount is 879.00. You can pay by cash or conveniently online when the rider arrives. Please note that a photo proof of delivery is required. Thank you for choosing J&T Express Philippines! Stay safe and have a great day ahead."
47,precleaned\Bernard - April 26 - 78 imgs\IMG_1888(1).jpg,28,1,Unknown,Friday 6:04 PM,"Don't miss your chance to see Laufey live in Manila, thanks to Visa! Use your RCBC Visa Credit Card and get 1 entry for every P1,000 you spend, OR be one of the 10 Top Spenders to win automatically! Promo runs until May 10. Register now at the RCBC Credit website. Search: LAUFEYRP / LAUFEYTS. T&C apply. DT252226S26"
48,precleaned\Bernard - April 26 - 78 imgs\IMG_1888.jpg,29,1,Unknown,Yesterday 10:36 AM,"Don't miss your chance to earn Mom her Mother's Day treat! Use your RCBC Premium Card at Paper Moon Cafe by April 30 to qualify for FREE 3 Hokkaido Cupcakes (min. P2,000 spend) or a Small Mille Crepe (min. P5,000 spend). Redeem May 7-10 at any store. Details at the RCBC Credit site, search MDPM. DT1251767S26"
49,precleaned\Bernard - April 26 - 78 imgs\IMG_1889(1).jpg,30,1,Unknown,,"Thursday 4:47 PM As of 03/25, you have 6,182 Rewards Points (worth Php 1,546) on your Card ending in 0003, JOCELYN ANNE! Redeem these for shopping vouchers or cash credit by calling (02)8888-1888. Keep using your Landmark Anson's Credit Card to enjoy unlimited 3% REBATE at Landmark plus rewards points on all purchases. T&Cs apply."
50,precleaned\Bernard - April 26 - 78 imgs\IMG_1889.jpg,31,1,Unknown,,"Wednesday 5:44PM Still dreaming of the F1 grid? Your RCBC Visa Infinite is your ticket! Every P1,000 spend earns you an entry to win Monza Barcade watch party passes to Austria or Madrid. If you haven't registered, visit rcbccredit and search: FIVIVS. Promo runs until 08/31/26. DTI251184S 26."
51,precleaned\Bernard - April 26 - 78 imgs\IMG_1890(1).jpg,32,1,Unknown,,"Tuesday 6:07PM Beat the summer heat & kickstart your adventures with up to P1,132,000, JOCELYN ANNE! Convert your available limit to RCBC InstaCash on your card ending in 3000 & pay only P26,174.26/mo. at a low add-on rate of 0.62%/mo. for up to 60 mos. To avail, go to the RCBC Credit website, search Promo ID: RRN, and use code A28YUHYOSQ. Offer exclusive to web applications until May 10, 2026. DT1245989S26"
52,precleaned\Bernard - April 26 - 78 imgs\IMG_1890.jpg,33,1,Unknown,Monday 5:22PM ™N,"Stay cool this summer! Get up to PHP20,000 OFF the SRP of select aircon models at 0% installment for up to 24 months, plus Buy Now, Pay Later using your RCBC Credit Card at Western Appliances. Promo valid until May 31, 2026. Visit the RCBC Credit Website & search: WESAPP26 for details. D252780S26"
53,precleaned\Bernard - April 26 - 78 imgs\IMG_1891(1).jpg,34,1,Unknown,"Sun, Apr 19 at 2:03PM","Your Apr-2026 Statement Balance for your Card ending in 3000 is Php 53,529.43. Min. Amt Due is Php 1,606.00. Due on 05/14. Pay conveniently online using your bank's digital banking website/app or e- wallets. To view your statement & do more with your RCBC Credit Card, download and register to the RCBC Pulz app."
54,precleaned\Bernard - April 26 - 78 imgs\IMG_1891.jpg,35,1,Unknown,"Sat, Apr 18 at 10:09AM AN","Make it a summer to remember, JOCELYN ANNE! Get as much as P1,132,000 when you convert your unused limit to RCBC InstaCash on your Card ending in 3000 & pay P26,174.26/mo. at an add-on rate of only 0.62%/mo. for up to 60 mos. Visit the RCBC Credit website, search Promo ID: RRN, and use code A28YUHYOSQ. Offer exclusive to web applications until May 10, 2026. DTI245989S26"
55,precleaned\Bernard - April 26 - 78 imgs\IMG_1892(1).jpg,36,1,Unknown,"Fri, Apr 17 at 6:00 PM","Don't miss out on a sweet surprise for Mom! Use your RCBC Premium Credit Card at Paper Moon Cafe until Apr. 30 to earn her favorite treats. Get 3 Hokkaido Cupcakes (min. P2,000 spend) or a Small Mille Crepe (min. P5,000 spend). Redeem May 7-10 at any store. Details at the RCBC Credit site, search MDPM. DT1I251767S26"
56,precleaned\Bernard - April 26 - 78 imgs\IMG_1892.jpg,37,1,Unknown,"Thu, Apr 16 at 5:28PM","Barefoot luxury in Siargao awaits. Enjoy an exclusive discount at Nay Palad Hideaway and all-inclusive island bliss w/ your RCBC Premium Credit Card. To book, call 09177017840 / 091710698721. For details, visit the rcbccredit website, search NPH20. DTI246086S26. Offer until 6/30/26"
57,precleaned\Bernard - April 26 - 78 imgs\IMG_1893(1).jpg,38,1,Unknown,"Wed, Apr 15 at 12:08PM","Your RCBC InstaCash of up to P1,132,000 is now ready, JOCELYN ANNE! Convert the credit limit of your card ending in 3000 for only 0.62% monthly add-on rate and pay just P26,174.26/mo. for up to 60 mos. Avail at the RCBC Credit website now: Search Promo ID: RRN & use code A28YUHYOSQ. Web-exclusive offer until May 10, 2026. DTI245989S26"
58,precleaned\Bernard - April 26 - 78 imgs\IMG_1893.jpg,39,1,Unknown,,"JOCELYN ANNE, as of 03/19, you have 7,317 rewards pts w/ your RCBC Visa Infinite. Redeem from 3,300 points for cash credits, vouchers & more, via Erica at the RCBC Credit site or call the Premium Cards hotline. Maximize every spend with your Card: earn 1 pt/P30 spend, 3x pts local online, 5x intl. online/in-store."
59,precleaned\Bernard - April 26 - 78 imgs\IMG_1894.jpg,40,1,Unknown,,"50% OFF at Marco Polo Ortigas! Savor a feast at Cucina, Lung Hin, Connect Lounge, Vu's Sky Bar, & Cafe Pronto with your RCBC Visa Infinite. Valid Mon-Fri until Apr. 30. Min. spend varies. Reserve your table by calling 7720 7777! Search MPO on the RCBC Credit site. T&Cs apply. DTI252812S26"
60,precleaned\Bernard - April 26 - 78 imgs\IMG_1895(1).jpg,41,1,Unknown,"Fri, Apr 10 at 4:26PM","The new galaxy is here! Get the Samsung Galaxy S26 Series for as low as P2,430.27/mo. at 0% inst for 24mos w/ your RCBC Credit Card! Plus, bundle the Galaxy Buds4 to get 10% OFF your Buds. Offers, validity dates and partners vary. Visit the RCBC Credit website & search SAMS26L for details. T&Cs apply. D250155&251419S26"
61,precleaned\Bernard - April 26 - 78 imgs\IMG_1895(2).jpg,42,1,Unknown,"Sun, Apr 12 at 4:08 PM","Your Apr-2026 Statement Balance for Card ending in 4017 is Php -2.96. Min. Amt Due is Php 0.00. To view your statement & do more with your RCBC Credit Card, download and register to the RCBC Pulz app."
62,precleaned\Bernard - April 26 - 78 imgs\IMG_1895.jpg,43,1,Unknown,"Thu, Apr 9 at 10:25AM","Payment of Pho20,020.00 made to Card end 4017 was posted on 04/08."
63,precleaned\Bernard - April 26 - 78 imgs\IMG_1896(1).jpg,44,1,Unknown,"Wed, Apr 8 at 6:30PM","We'd like to remind you that the due date for your card ending in 3000 is on 04/13. Your minimum amount due is Php1,305.00. Your total statement balance is Php43,500.10. If you have already paid prior to receiving this message, thank you for your payment."
64,precleaned\Bernard - April 26 - 78 imgs\IMG_1896.jpg,45,1,Unknown,"Wed, Apr 8 at 5:08PM","Promo extended! Get Diamond Indulgence Annual Membership for P8,710.40 (from P10,888) with your RCBC Premium Credit Card. Enjoy a free night stay, up to 50% off dining, and more at Diamond Hotel. Offer now valid until June 30, 2026. Call 0253105741 or search DHPINDUL on the RCBC Credit Website. DTI246122S26."
65,precleaned\Bernard - April 26 - 78 imgs\IMG_1897(1).jpg,46,1,Unknown,"Mon, Apr 6 at 8:58AM","We'd like to remind you that the payment for your card ending in 4017 is due on 04/06. Your minimum amount due is Php601.00. Your statement balance is Php20,017.04. If you have already paid prior to receiving this message, thank you for your payment."
66,precleaned\Bernard - April 26 - 78 imgs\IMG_1897.jpg,47,1,Unknown,"Wed, Apr 1 at 3:56PM","We'd like to remind you that the due date for your card ending in 4017 is on 04/06. Your minimum amount due Is Php601.00. Your total statement balance is Php20,017.04. If you have already paid prior to receiving this message, thank you for your payment."
67,precleaned\Bernard - April 26 - 78 imgs\IMG_1898(1).jpg,48,1,Unknown,"Tue, Mar 31 at 5:07PM","Indulge at Gloria Maris Greenhills, JOCELYN ANNE! Enjoy 50% OFF for a min. P5,000 spend with your RCBC Premium Credit Card from April 1-30, Mon.-Fri. Valid for Lunch (10:30AM-2:00PM) and Dinner (5:30PM-8:30PM). Search GMGH on the RCBC Credit website for details. T&Cs apply. DTI253026S26"
68,precleaned\Bernard - April 26 - 78 imgs\IMG_1898.jpg,49,1,Unknown,"Wed, Apr 1 at 9:05AM","Race to Monza with your RCBC Visa Credit Card! Earn raffle entries for a minimum spend of P1,000 from Apr 1-Jun 30 fora chance to win a Race Experience for 2, plus watch party access. For more info and to register, search VCARB on the RCBC Credit website. DTI#247198"
69,precleaned\Bernard - April 26 - 78 imgs\IMG_1899(1).jpg,50,1,Unknown,"Tue, Mar 31 at 12:08 PM","Good news! The RCBC Premium Credit Card STAY & DINE exclusive deal at DIAMOND HOTEL is extended until Jun.30! Don't miss your chance to get a DIAMOND INDULGENCE MEMBERSHIP for just P8,710.40 (orig. P10,888). Enjoy a FREE night's stay, up to 50% OFF on dining, and more! For details, contact 09085846424. DTI246122S26."
70,precleaned\Bernard - April 26 - 78 imgs\IMG_1899.jpg,51,1,Unknown,,"Mother's Day is sweeter w/ your RCBC Premium Credit Card! Enjoy a special gift at Paper Moon Café for purchases until Apr. 30! Get 3 Hokkaido Cupcakes for a P2,000 spend or a Small Original Mille Crepe for a P5,000 spend. Redeem from May 7-10 at any store. Details at the RCBC Credit site, search MDPM. DT1I251767S26"
71,precleaned\Bernard - April 26 - 78 imgs\IMG_1900(1).jpg,52,1,Lazada,,Get extra 10% OFF (up to P600) at the Lazada Birthday
72,precleaned\Bernard - April 26 - 78 imgs\IMG_1900(1).jpg,52,2,Unknown,,Sale with your RCBC Visa
73,precleaned\Bernard - April 26 - 78 imgs\IMG_1900(1).jpg,52,3,Unknown,,Credit Card! Promo runs until
74,precleaned\Bernard - April 26 - 78 imgs\IMG_1900(1).jpg,52,4,Unknown,,Mar. 27 for a min. spend of
75,precleaned\Bernard - April 26 - 78 imgs\IMG_1900(1).jpg,52,5,Unknown,,"P5,000. Discount auto-applied"
76,precleaned\Bernard - April 26 - 78 imgs\IMG_1900(1).jpg,52,6,Unknown,,at checkout; no code needed.
77,precleaned\Bernard - April 26 - 78 imgs\IMG_1900(1).jpg,52,7,Unknown,,"For info, search LAZBDAY26 on"
78,precleaned\Bernard - April 26 - 78 imgs\IMG_1900(1).jpg,52,8,Unknown,,the RCBC Credit website.
79,precleaned\Bernard - April 26 - 78 imgs\IMG_1900(1).jpg,52,9,Unknown,,DTI#252224
80,precleaned\Bernard - April 26 - 78 imgs\IMG_1900.jpg,53,1,Lazada,"Thu, Mar 26 at 6:11PM","Score deals at the Lazada Birthday Sale with your RCBC Mastercard Credit Card! Enjoy extra P500 OFF, min. spend P5,000. Offer is until Mar. 27, 2026. Discount auto-applied at checkout; no code needed. For info, search LAZBDAY26 on the RCBC Credit website. DTI#252224"
81,precleaned\Bernard - April 26 - 78 imgs\IMG_1901(1).jpg,54,1,Unknown,"Tue, Mar 24 at 3:37PM","Ready for summer? Refresh your OOTDs at Zara, Bershka, Massimo Dutti, Oysho, Pull & Bear & Stradivarius! Get up to P5,000 CASHBACK on straight or 0% installment spends using your RCBC Visa Credit Card from now until May 31! Visit the RCBC Credit Website & search CBFITS for full T&Cs. D249279S26"
82,precleaned\Bernard - April 26 - 78 imgs\IMG_1901.jpg,55,1,Unknown,"Tue, Mar 24 at 12:23PM","Make the most of this offer until Mar. 31, JOCELYN ANNE! Get up to P1,141,000 when you convert your available limit on your card ending in 3000 to RCBC InstaCash. Pay as low as P26,391.94/mo. at a low add- on rate of 0.62%/mo for up to 60 mos. Go to the RCBC Credit website, search Promo ID: RRN, and use code AWLU40QQUT to avail. Offer is exclusive to applications via the RCBC Credit website. DTI245989S26"
83,precleaned\Bernard - April 26 - 78 imgs\IMG_1902(1).jpg,56,1,Unknown,"Sat, Mar 21 at 2:05PM","Your Mar-2026 Statement Balance for your Card ending in 3000 is Php 43,500.10. Min. Amt Due is Php 1,305.00. Due on 04/13. Pay conveniently online using your bank's digital banking website/app or e- wallets. To view your statement & do more with your RCBC Credit Card, download and register to the RCBC Pulz app."
84,precleaned\Bernard - April 26 - 78 imgs\IMG_1902.jpg,57,1,Unknown,"Thu, Mar 19 at 5:24PM","Win VIP tickets for two to see Laufey in Manila, thanks to Visa! Earn 1 entry per P1,000 spend, OR be one of the 10 Top Spenders to win automatically! Valid on RCBC Visa Credit Card spend from Mar 16—May 10. Register at the RCBC Credit website. Search: LAUFEYRP / LAUFEYTS. T&C apply. DT252226S26"
85,precleaned\Bernard - April 26 - 78 imgs\IMG_1903(1).jpg,58,1,Unknown,"Thu, Mar 19 at 2:23PM","JOCELYN ANNE, whether for a home upgrade, business, or a getaway, get the extra cash you need! Convert the available limit on your RCBC card ending in 3000 to RCBC InstaCash. Access up to P1,141,000 and pay P26,391.94/mo. at a low add-on rate of 0.62%/mo for up to 60 mos. To avail, go to the RCBC Credit website, search Promo ID: RRN, and use code AWLU40QQUT. Offer exclusive to web applications until Mar. 31, 2026. DTI245989S26."
86,precleaned\Bernard - April 26 - 78 imgs\IMG_1903.jpg,59,1,Unknown,"Wed, Mar 18 at 9:09AM","Payment of Php1,200.00 made to Card end 3000 was posted on 03/16."
87,precleaned\Bernard - April 26 - 78 imgs\IMG_1904(1).jpg,60,1,Unknown,"Tue, Mar 17 at 11:31AM","Ready for a getaway, JOCELYN ANNE? Whether it's a beach trip or a staycation, your RCBC Credit Card earns you more! Enjoy up to P5,000 cashback on hotels, resorts, and stays. Valid until May 31, 2026. Register and see full details on the RCBC Credit website, search LTR5K T&Cs apply. DT1I251514"
88,precleaned\Bernard - April 26 - 78 imgs\IMG_1904.jpg,61,1,Unknown,"Mon, Mar 16 at 9:19AM","We'd like to remind you that the payment for your card ending in 3000 is due on 03/16. Your minimum amount due Is Php1,013.00. Your statement balance is Php33,760.80. If you have already paid prior to receiving this message, thank you for your payment."
89,precleaned\Bernard - April 26 - 78 imgs\IMG_1905(1).jpg,62,1,Unknown,"Mon, Mar 16 at 5:30 AM","Your supplementary, BOBBY A BARCE with Card ending in XXXx3109 has spent PHP10000.00 at Pru Life of U.K. on 03/16 5:30AM. If you have concerns, call 0288881883"
90,precleaned\Bernard - April 26 - 78 imgs\IMG_1905.jpg,63,1,Unknown,"Sat, Mar 14 at 12:07PM",Travel and spend without worries with your RCBC Premium Credit Card. Convert your spend abroad into Unli 0% for 3 mos. or up to 36 mos. Uni Installment via the RCBC Pulz App. Visit rcbccredit > Credit Cards > Benefits > Installment. T&Cs apply.
91,precleaned\Bernard - April 26 - 78 imgs\IMG_1906(1).jpg,64,1,Unknown,"Thu, Mar 12 at 4:05PM","Spend P1,000 with your RCBC Visa Infinite and get a chance to win passes to F1 Race Watch Parties (Suzuka, Austria & Madrid) at Monza Barcade. Prizes include P1,000 F&B, sim racing, and more! Promo runs until 08/31/26. Register at the link on the website. Visit rcbccredit, search F1VIVS. DTI251184S26."
92,precleaned\Bernard - April 26 - 78 imgs\IMG_1906.jpg,65,1,Unknown,,"Upgrade to the Samsung Galaxy S26 Series with your RCBC Credit Card! Pre-order for as low as P2,264.97/mo. for 24mos at 0% inst + FREEBIES. Also, bundle with Galaxy Buds4 & get 10% OFF the Buds. Offers, validity dates and partners vary. T&Cs apply. Details at RCBC Credit website; search: SAMS26P. D250155&251419S26"
93,precleaned\Bernard - April 26 - 78 imgs\IMG_1907(1).jpg,66,1,Unknown,"Thu, Mar 12 at 10:48 AM","Unlock more possibilities this March, JOCELYN ANNE! Get extra cash when you convert your available limit on your card ending in 3000 to RCBC InstaCash! Access up to P1,141,000 and pay as low as P26,391.94/mo. at only 0.62% monthly add-on rate for up to 60 mos. To avail, go to the RCBC Credit website, search Promo ID: RRN, and use code AWLU4OQQUT. Offer exclusive to web applications until Mar. 31, 2026. DTI245989S26"
94,precleaned\Bernard - April 26 - 78 imgs\IMG_1907.jpg,67,1,Unknown,"Wed, Mar 11 at 6:07PM","Ready for Holy Week, JOCELYN ANNE? For every P30 spent, earn 5X points on overseas purchases & 3X points on local online shopping with your RCBC Visa Infinite. Redeem your points for airmiles, shopping & dining vouchers, and more!"
95,precleaned\Bernard - April 26 - 78 imgs\IMG_1908(1).jpg,68,1,Unknown,"Sat, Mar 7 at 11:07AM","Barefoot luxury in Siargao awaits. Enjoy an exclusive discount at Nay Palad Hideaway and all-inclusive island bliss w/ your RCBC Premium Credit Card. To book, call 09177017840 / 09171069821. For details, visit the rcbccredit website, search NPH20. DTI246086S26. Offer until 6/30/26"
96,precleaned\Bernard - April 26 - 78 imgs\IMG_1908.jpg,69,1,Unknown,"Sat, Mar 7 at 7:06PM","Pre-order the Samsung Galaxy S26 Series for as low as P2,166.25/mo. at 0% inst. for 24mos at select Samsung Experience/Premium stores! Bundle with Galaxy Buds4 & get 10% OFF the Buds. Offer valid until Mar 8, for a min. spend of P40,000. T&Cs apply. Details at the RCBC Credit website & search: SAMS26SP. D250155S26"
97,precleaned\Bernard - April 26 - 78 imgs\IMG_1910.jpg,70,1,Metrobank,"Wed, Apr ae 05 PM","Going to Japan? Power up your concert experience with your Metrobank credit card. EARN P500 CASHBACK with Metrobank's Cashback Pass when you spend at least P50,000 in Japan. Valid for card-present transactions made in Japan with currency code of JPY from April 16 to 20, 2026 only. Register now! Download the Metrobank App, click ""Promos"" before logging in, and search for ""PHP 500 CASHBACK on your Japan Spends"" to know more. Quick Tip! When travelling abroad or shopping overseas online stores, always choose to pay in non-PHP currency to enjoy better conversion rates and avoid extra fees. T&Cs apply. DTI250926S26. CCPD26-05/7."
98,precleaned\Bernard - April 26 - 78 imgs\IMG_1911(1).jpg,71,1,Metrobank,"Mon, Apr 13 at 6:15PM","Avoid additional charges by not missing your next due date on 13 Apr 2026. The outstanding balance of your Metrobank credit card ending in 2538 is PHP 57,875.54. Pay at least the minimum amount due of PHP 2,025.64, immediately. You may pay via Metrobank Online, Metrobank App or using other banking apps. Disregard if already paid."
99,precleaned\Bernard - April 26 - 78 imgs\IMG_1911.jpg,72,1,Metrobank,"Sat, Apr 11 at 11:59AM","Your referrals can earn you rewards! Get P5,000 eGC for every successful referral when friends apply & get approved for their first Metrobank credit card using your code ACO135. Promo runs until Jun 30, 2026. Visit our website for the application link & for T&Cs. DT1245534S2025 CCPD26-041"
100,precleaned\Bernard - April 26 - 78 imgs\IMG_1912.jpg,73,1,Metrobank,,"oat, Apr ti at 11-09 AM Your referrals can earn you rewards! Get P5,000 eGC for every successful referral when friends apply & get approved for their first Metrobank credit card using your code ACO135. Promo runs until Jun 30, 2026. Visit our website for the application link & for T&Cs. DT1245534S2025 CCPD26-041"
101,precleaned\Bernard - April 26 - 78 imgs\IMG_1913.jpg,74,1,Metrobank,"Tue, Apr 7 at 10:26AM","Ready to scream, sing, and stan? Make every fandom moment in South Korea unforgettable. Get P500 CASHBACK for a min. accum. spend of P50,000 in South Korea. Valid for card present transactions made In South Korea with currency code of KRW. Register from April 8 to 13, 2026! Download the Metrobank App click ""Promos"" before logging in and search for ""PHP 500 CASHBACK on your South Korea Spends"" to know more. Quick Tip! When travelling abroad or shopping overseas online stores, always choose to pay in non-PHP currency to enjoy better conversion rates and avoid extra fees. T&Cs apply. DTI250926S26. CCPD26-057."
102,precleaned\Bernard - April 26 - 78 imgs\IMG_1914.jpg,75,1,Metrobank,"Mon, Apr 6 at 8:32PM","Your chance to start earning eGCs is EXTENDED until June 30, 2026! Share your code ACO135 & invite friends to apply for their first Metrobank credit card to earn P5,000 eGC per successful referral. Visit our website for the application link & T&Cs. DT1245534S2025 CCPD26-041"
103,precleaned\Bernard - April 26 - 78 imgs\IMG_1915.jpg,76,1,Metrobank,"Mon, Apr 6 at 3:13PM","Attending a concert in Korea or Japan? Enjoy these deals until 04/10/2026! - AGODA: USD80 cashback for amin. spend of USD6O0. Register now! - KLOOK: P4,000 OFF for a min. spend of P20,000. Select stay dates apply. Use code: MBWORLDTOUR Download the Metrobank app, click ""Promos"" before logging in and search for ""USD 80 CASHBACK at Agoda"" and ""20% OFF in Korea and Japan at Klook"" to know more. T&Cs apply DTI252629S26. CCPD26-133. Metrobank is regulated by the BSP."
104,precleaned\Bernard - April 26 - 78 imgs\IMG_1916.jpg,77,1,Metrobank,,"1ue, Mar ot at 9-92 FM Last chance to earn eGCs! Start referring friends now to apply for their first Metrobank credit card using your code ACO135. Earn P5,000 eGCs for every successful referral until March 31, 2026 only! Visit our website for the application link & T&Cs. DTI245534S2025 CCPD26-041"
105,precleaned\Bernard - April 26 - 78 imgs\IMG_1917(1).jpg,78,1,Metrobank,"Sat, Mar 28 at 10:44AM","Skip ""Pay in PHP""! Quick Tip: When booking your hotel accommodations through overseas online store, or travelling abroad, ALWAYS choose to PAY INNON-PHP CURRENCY for better conversion rates and enjoy more savings. Metrobank is regulated by the BSP."
106,precleaned\Bernard - April 26 - 78 imgs\IMG_1917.jpg,79,1,Unknown,"Thu, Mar 26 at 10:51AM","Your MCC card 3166 was used at CHECKOUT CARDS for PHP 57330.00. If you did not make this, call 88700700 to avoid further unauthorized transactions."
107,precleaned\Bernard - April 26 - 78 imgs\IMG_1918.jpg,80,1,Unknown,"Thu, Mar 26 at 10:51AM","Your MCC card 3166 was used at CHECKOUT CARDS for PHP 57330.00. If you did not make this, call 88700700 to avoid further unauthorized transactions."
108,precleaned\Bernard - April 26 - 78 imgs\IMG_1919(1).jpg,81,1,Unknown,"Fri, Mar 20 at 1:01PM","Make every full tank count - for you and your friends! Refer them to apply for the new Toyota Platinum Mastercard and enjoy 3% rebate on ALL fuel brands, discounts on Toyota services and more. Use your code ACO135 & earn P5,000 eGCs per successful referral. Promo runs until Mar 31, 2026. Visit our website for more information. DTI245534S2025 CCPD26-041"
109,precleaned\Bernard - April 26 - 78 imgs\IMG_1919.jpg,82,1,Metrobank,"Fri, Mar ZU at 7:41AM","Your Metrobank credit card ending in 3166 was due last 18/ Mar/2026 with statement balance of PHP 3,972.84 and minimum amount due of PHP 1,000.00. For online payment, visit the Metrobank Online website or download the Metrobank mobile application."
110,precleaned\Bernard - April 26 - 78 imgs\IMG_1920.jpg,83,1,Metrobank,,"Jocelyn, Big Travel Bonus is back with up to P10,000 CASHBACK for a min. accum. spend on all your travel spend using your Metrobank credit card!"
111,precleaned\Bernard - April 26 - 78 imgs\IMG_1920.jpg,83,2,Metrobank,,"Register now! Download the Metrobank App, click ""Promos"" before logging in and search for ""Up to PHP 10,000 cashback on all travel spend"" to know more. Promo runs from 03/16/26 to 05/15/26 only. T&Cs apply. DTI249796S26. CCPD26-108."
112,precleaned\Bernard - April 26 - 78 imgs\IMG_1920.jpg,83,3,Unknown,,"Quick Tip! When travelling abroad or shopping at overseas online stores, always choose to pay in non-Php currency for better conversion rates and enjoy better value on your purchases."
113,precleaned\Bernard - April 26 - 78 imgs\IMG_1920.jpg,83,4,Metrobank,,Metrobank is regulated by the BSP.
114,precleaned\Bernard - April 26 - 78 imgs\IMG_1921(1).jpg,84,1,Metrobank,"Wed, Mar 11 at 1:42 PM","Flying just got easier using your Metrobank credit card! Book now with Philippine Airlines and enjoy 0% installment for 3 months plus Shop Now, Pay Later up to 90 days after for a min. single-receipt of P20,000. Available in all ticketing offices nationwide until December 31, 2026. Promo is not applicable to online bookings. T&Cs apply. DTI244434S26. CCPD26-095. Metrobank is regulated by the BSP."
115,precleaned\Bernard - April 26 - 78 imgs\IMG_1921.jpg,85,1,Unknown,"Mon, Mar 9 at 2:39PM",Your P5k SM Gift Pass is waiting! Refer friends to apply for a credit card using your code ACO135 until 03/31/26. T&Cs apply DTI245534S2025 CCPD26-041
116,precleaned\Bernard - April 26 - 78 imgs\IMG_1922(1).jpg,86,1,Unknown,"Thu, Mar 5 at 5:31PM",Ready to earn? Get P5k SM Gift Pass when friends apply for a credit card using your code ACO135 until 03/31/2026. T&Cs apply DTI245534S2025 CCPD26-041
117,precleaned\Bernard - April 26 - 78 imgs\IMG_1922.jpg,87,1,Unknown,"Sat, Mar 7 at 1:23PM","Your MCC card 3166 was used at GPTZERO, INC. for USD 23.99. If you did not make this, call 88700700 to avoid further unauthorized transactions."
118,precleaned\Bernard - April 26 - 78 imgs\IMG_1923(1).jpg,88,1,Metrobank,"Wed, Feb 25 at 3:51PM","Quick tip when travelling abroad or shopping at overseas online stores, always choose to pay in non-Php currency for better conversion rates and enjoy better value on your purchases. Metrobank is regulated by BSP."
119,precleaned\Bernard - April 26 - 78 imgs\IMG_1923.jpg,89,1,Metrobank,"Sun, Feb 22 at 10:12AM","ENDING TODAY! Drop by The Metrobank Travel Fair at the Glorietta Activity Center, OAM to 8PM to enjoy exclusive deals on: - Airlines - Hotel Accommodations - Cruises - Travel Agencies - Other Travel-Related Merchants T&Cs apply. DTI244768. CCPD26-01"
120,precleaned\Bernard - April 26 - 78 imgs\IMG_1924(1).jpg,90,1,Metrobank,"Wed, Feb 18 at 5:45PM","Greetings from Metrobank! This is a friendly reminder on your minimum amount due of PHP 1,753.94. You may pay via Metrobank Online, Metrobank App or using other banking apps."
121,precleaned\Bernard - April 26 - 78 imgs\IMG_1924(2).jpg,91,1,Metrobank,"Thu, Feb 19 at 5:00 PM","Greetings from Metrobank! This is a friendly reminder on your minimum amount due of PHP 1,753.94. You may pay via Metrobank Online, Metrobank App or using other banking apps."
122,precleaned\Bernard - April 26 - 78 imgs\IMG_1924.jpg,92,1,Metrobank,,"Greetings from Metrobank! This is a friendly reminder on your minimum amount due of PHP 1,000.00. You may pay via Metrobank Online, Metrobank App or using other banking apps."
123,precleaned\Bernard - April 26 - 78 imgs\IMG_1925(1).jpg,93,1,Unknown,"Sat, Feb 7 at 1:22PM","Your MCC card 3166 was used at GPTZERO, INC. for USD 23.99. If you did not make this, call 88700700 to avoid further unauthorized transactions."
124,precleaned\Bernard - April 26 - 78 imgs\IMG_1925(2).jpg,94,1,Metrobank,"Fri, Feb 13 at 7:58PM","Still haven't referred? Don't miss the chance to earn big: get P5,000 eGC for every successful referral until Mar 31, 2026! Share your code ACO135 & invite friends to apply for their 1st Metrobank credit card! Visit our website for the application link and T&Cs. DT1245534S2025 CCPD26-041"
125,precleaned\Bernard - April 26 - 78 imgs\IMG_1925.jpg,95,1,Unknown,"Wed, Jan 28 at 6:16PM","Your MCC card 3166 was used at WALTER AI for USD 23.00. If you did not make this, call 88700700 to avoid further unauthorized transactions."
126,precleaned\Bernard - April 26 - 78 imgs\IMG_1926(1).jpg,96,1,Metrobank,"Wed, Jan 21 at 7:40 PM","Greetings from Metrobank! This is a friendly reminder on your minimum amount due of PHP 1,429.60. You may pay via Metrobank Online, Metrobank App or using other banking apps."
127,precleaned\Bernard - April 26 - 78 imgs\IMG_1926.jpg,97,1,Metrobank,"Wed, Jan 21 at 3:33PM","Purchase your Korea concert tickets using your Metrobank Mastercard credit card and get up to P8,000 CASHBACK! Search ""Up to PHP 8,000 CASHBACK with Beyond Borders"" on the Metrobank website to learn more. Promo runs from 1/16/6 to 3/15/26. T&Cs apply. DTI244590. CCPD26-002."
128,precleaned\Bernard - April 26 - 78 imgs\IMG_1927(1).jpg,98,1,Metrobank,,"Great news! As of 01/19/2026, you have enough rewards points on your Metrobank Platinum Mastercard to waive your Annual Fee goodbye. Convert your 26400 points to a 50% Annual Fee Waiver by texting the keyword below to 225622 on or before Feb 13, 2026. Keyword:"
129,precleaned\Bernard - April 26 - 78 imgs\IMG_1927(1).jpg,98,2,Unknown,,MB REDEEM MPAF50
130,precleaned\Bernard - April 26 - 78 imgs\IMG_1927(1).jpg,98,3,Metrobank,,We'll process your redemption within 10-20 banking days. Please reply using your primary registered mobile number to ensure successful processing. T&Cs apply. Metrobank is regulated by BSP.
131,precleaned\Bernard - April 26 - 78 imgs\IMG_1927.jpg,99,1,Metrobank,,"Greetings from Metrobank! This is a friendly reminder on your minimum amount due of PHP 1,429.60. You may pay via Metrobank Online, Metrobank App or using other banking apps."
132,precleaned\Zabala - April 28\Screenshot_20260428_154825_Messages.jpg,100,1,Microsoft,Monday 8 Jul 2024 + 10:03 pm,Use verification code 367518 for Microsoft authentication.
133,precleaned\Zabala - April 28\Screenshot_20260428_154825_Messages.jpg,100,2,Microsoft,Friday 23 Aug 2024 + 7:10 pm,Use verification code 785435 for Microsoft authentication.
134,precleaned\Zabala - April 28\Screenshot_20260428_154825_Messages.jpg,100,3,Microsoft,Sunday 24 Nov 2024 + 12:24 pm,Use verification code 523859 for Microsoft authentication.
135,precleaned\Zabala - April 28\Screenshot_20260428_154844_Messages.jpg,101,1,Google,Thursday 16 Jan 2025 + 3:40 pm,G-304679 is your Google verification code. Don't share your code with anyone.
136,precleaned\Zabala - April 28\Screenshot_20260428_154911_Messages.jpg,102,1,Unknown,Tuesday 10 Sept 2024 + 10:42 am,"Psst! 'Wag ka nang tamarin, TODAY lang ‘to! Mag-GrabCar Saver na for 15% cheaper fares. Ayaw mo pa rin bumangon? Eto extra 25% OFF your ride with code TINATAMADAKO! Max discount of P100, min fare of P200."
137,precleaned\Zabala - April 28\Screenshot_20260428_154911_Messages.jpg,102,2,Unknown,Wednesday 11 Sept 2024 + 11:42 am,"Bawal na i-dahilan si Bantay, kasi may bantay naman talaga siya! Mag-book na ng GrabCar Saver for 15% cheaper fares + may 25% OFF ka pa when you use code WALANGBANTAYSIBANTAY. Max discount of P100, min fare of P200."
138,precleaned\Zabala - April 28\Screenshot_20260428_154911_Messages.jpg,102,3,Unknown,Thursday 12 Sept 2024 + 11:40am,"Strict ba talaga parents mo? Baka kasi ‘di ka nag-GrabCar Saver para makatipid up to 15% on fares! PLUS use code STRICTPARENTSKO for extra 25% OFF your ride. Max discount of P100, min fare of P200."
139,precleaned\Zabala - April 28\Screenshot_20260428_154922_Messages.jpg,103,1,Unknown,Monday 23 Sept 2024 + 3:41pm,"Lagi nang may budget para mag-book dahil rides are up to 15% cheaper na with GrabCar Saver! PLUS, may 25% OFF ka pa when you use code TIGHTBUDGETKO. Mas mabilis nang mag book, nakatipid ka pa! Min. fare P200, max discount P100."
140,precleaned\Zabala - April 28\Screenshot_20260428_154922_Messages.jpg,103,2,Unknown,Tuesday 24 Sept 2024 + 3:41pm,"Sayang naman ang 25% OFF GrabCar kung mag-papass ka! Huwag mo na palampasin ito! Book GrabCar Saver + use code PASSMUNAME. Nagmamadali? Mas mabilis na mag-book ngayon with GrabCar! Min. fare P200, max discount P100."
141,precleaned\Zabala - April 28\Screenshot_20260428_154922_Messages.jpg,103,3,Unknown,Wednesday 25 Sept 2024 + 3:43 pm,"Bakit next time pa, eh mas mabilis na ngayon mag-book sa GrabCar?! Alam namin nagtitipid ka, kaya book with GrabCar Saver for 15% cheaper rides & use code NEXTTIMENALANG to enjoy 25% OFF your ride! Min fare P200, max discount P100."
142,precleaned\Zabala - April 28\Screenshot_20260428_154934_Messages.jpg,104,1,Unknown,Thursday 26 Sept 2024 + 5:53 pm,"Hindi mo na kailangan bumawi, mas mabilis na kasi mag-book with GrabCar! Mas pinatipid pa ang ride when you book GrabCar Saver for up to 15% cheaper rides with code BAWIAKO to get additional 25% OFF. Min fare P200, max discount P100."
143,precleaned\Zabala - April 28\Screenshot_20260428_154934_Messages.jpg,104,2,Unknown,Wednesday 6 Nov 2024 + 9:40 am,Tag-tipid after ng long weekend? Try out this hack: book GrabCar Saver for up to 15% cheaper fares + use code GANAP for an extra P30 OFF rides. Book now!
144,precleaned\Zabala - April 28\Screenshot_20260428_154934_Messages.jpg,104,3,Grab,Friday 27 Dec 2024 + 8:19pm,Holiday Alert! Grab will NEVER send links via SMS to ask for your personal details. Stay vigilant and be cautious of messages you receive.
145,precleaned\Zabala - April 28\Screenshot_20260428_154941_Messages.jpg,105,1,Unknown,Wednesday 1 Jan 2025 + 8:24am,"IT'S SAVING TIP! Get 5% cashback on GrabCar rides using GrabPay from Sun to Thurs, 9AM-9PM, minimum fare of P250 required. Stack with promos for more savings!"
146,precleaned\Zabala - April 28\Screenshot_20260428_154941_Messages.jpg,105,2,Unknown,Sunday 5 Jan 2025 + 9:54 am,"IT'S SAVING TIP! Bigger savings when you use GrabPay with 5% CashBack on GrabCar rides & stack with other promos! Minimum fare of 250, from Sun-Thurs, 9AM-9PM."
147,precleaned\Zabala - April 28\Screenshot_20260428_154941_Messages.jpg,105,3,Unknown,Thursday 9 Jan 2025 « 12:19pm,"IT'S SAVING TIP! Get 5% CASHBACK on GrabCar rides using GrabPay from Sunday to Thursday, 9AM- 9PM min fare P250. Use with promos for more savings!"
148,precleaned\Zabala - April 28\Screenshot_20260428_154953_Messages.jpg,106,1,Unknown,Friday 10 Jan 2025 + 12:14 pm,We Miss You! Enjoy 30% OFF your next ride with code RIDEAGAIN. It's time to hit the road again with GrabCar! What are you waiting for? Book now!
149,precleaned\Zabala - April 28\Screenshot_20260428_154953_Messages.jpg,106,2,Unknown,Tuesday 14 Jan 2025 + 4:13 pm,"IT'S SAVING TIP! Get 5% CASHBACK on GrabCar rides using GrabPay from Sunday to Thursday, 9AM- 9PM min fare P250. Use with other promos for more savings!"
150,precleaned\Zabala - April 28\Screenshot_20260428_154953_Messages.jpg,106,3,Unknown,Monday 20 Jan 2025 + 9:57am,"IT'S SAVING TIP! Get 5% cashback on GrabCar rides using GrabPay from Sunday to Thursday, 9AM- 9PM min fare P250. Stack with promos for more savings!"
151,precleaned\Zabala - April 28\Screenshot_20260428_155005_Messages.jpg,107,1,Unknown,,"Pwede pa magamit? MAGREUSE! Para just like this GrabCar tipid hack, walang tapon! Book GrabCar Saver for up to 15% cheaper fares every day PLUS you get to enjoy another 25% OFF with code MAGREUSE. Min. fare P200, max disc. P100. Don't wait, book now!"
152,precleaned\Zabala - April 28\Screenshot_20260428_155005_Messages.jpg,107,2,Grab,Wednesday 29 Jan 2025 * 4:15pm,"Ubos na ang allowance for coffee? MAGTIMPLA with GrabCar! Dahil mas tipid kapag ikaw ang magtitimpla, makakapag-book ka pa ng GrabCar Saver for up to 15% cheaper fares every day PLUS you get to enjoy another 25% OFF with code MAGTIMPLA. P200, max disc. P100. Open the Grab app and book now! Ubos na ang allowance for coffee? MAGTIMPLA with GrabCar! Dahil mas tipid kapag ikaw ang magtitimpla, makakapag-book ka pa ng GrabCar Saver for up to 15% cheaper fares every day PLUS you get to enjoy another 25% OFF with code MAGTIMPLA. P200, max disc. P100. Open the Grab app and book now!"
153,precleaned\Zabala - April 28\Screenshot_20260428_155018_Messages.jpg,108,1,Unknown,,"Don't miss out on 50% OFF your GrabCar ride RIGHT NOW! Use code LABASTAYONOW when you book from 12NN to 1PM and 2PM to 3PM. Max disc. P150, min. fare, P200. Don't wait, book now with GrabCar!"
154,precleaned\Zabala - April 28\Screenshot_20260428_155018_Messages.jpg,108,2,Grab,Friday 7 Feb 2025 + 6:38pm,"This weekend, sagot ng GrabCar ang gala mo! Get 50% OFF from 12PM to 1PM and 2PM to 3PM when you use code LABASTAYONOW. May 30% OFF ka pa ALL DAY when you use code LABASTAYO! Max disc. P150, min. fare, P200. Hurry and open the Grab app to book now!"
155,precleaned\Zabala - April 28\Screenshot_20260428_155018_Messages.jpg,108,3,Grab,Saturday 8 Feb 2025 + 2:44 pm,"GRABCAR WEEKEND FLASH SALE! 50% OFF your ride from 10AM to 11AM and 1PM to 2PM Use code:LABASTAYONOW. 30% OFF ALL DAY when you use code LABASTAYO! Max disc. P150, min. fare, P200. Hurry and open the Grab app to book now!"
156,precleaned\Zabala - April 28\Screenshot_20260428_155046_Messages.jpg,109,1,Unknown,,Don't miss out on 50% OFF your GrabCar ride RIGHT
157,precleaned\Zabala - April 28\Screenshot_20260428_155046_Messages.jpg,109,2,Unknown,,NOW! Use code LABASTAYONOW when you book
158,precleaned\Zabala - April 28\Screenshot_20260428_155046_Messages.jpg,109,3,Unknown,,"from 10AM to 11AM and 1PM to 2PM. Max disc. P150,"
159,precleaned\Zabala - April 28\Screenshot_20260428_155046_Messages.jpg,109,4,Unknown,,"min. fare, P200. Don't wait, book now with GrabCar!"
160,precleaned\Zabala - April 28\Screenshot_20260428_155046_Messages.jpg,109,5,Unknown,Friday 6 Jun * 10:02am,6.6 SALE ALERT! Enjoy up to 30% OFF on GrabCar
161,precleaned\Zabala - April 28\Screenshot_20260428_155046_Messages.jpg,109,6,Lazada,Friday 6 Jun * 10:02am,vouchers bundles on Lazada! Visit Grab PH's official
162,precleaned\Zabala - April 28\Screenshot_20260428_155046_Messages.jpg,109,7,Unknown,Friday 6 Jun * 10:02am,store for best deals. Add to cart na!
163,precleaned\Zabala - April 28\Screenshot_20260428_155123_Messages.jpg,110,1,Unknown,Wednesday 18 Jun + 7:33 am,Texting with (SMS/MMS) Ma palodi ni og 300 nag away ming sir twagan nko ang agency Ma palodi ni og 300 nag away ming sir twagan nko ang agency
164,precleaned\Zabala - April 28\Screenshot_20260428_155145_Messages.jpg,111,1,Unknown,Friday 7 Mar 2025 + 1:59 pm,Your Authy verification code is: 976151
165,precleaned\Zabala - April 28\Screenshot_20260428_155145_Messages.jpg,111,2,Unknown,Sunday 21 Sept » 9:30pm,Your Authy verification code is: 715706
166,precleaned\Zabala - April 28\Screenshot_20260428_155156_Messages.jpg,112,1,CODASHOP,Saturday 4 Oct + 2:22am,CODASHOP: Your voucher code is CH4MI-ZJCNW-ZHN7X. Thank you for using Codashop!
167,precleaned\Zabala - April 28\Screenshot_20260428_155221_Messages.jpg,113,1,Unknown,,"SUMMER DEAL ALERT! Get 20% OFF on Herschel, JanSport, Gregory, Hellolulu, Timbuk2 & Hedgren bags at Bratpack! Hurry, promo runs Feb 24-28, 2025 only! DT1I211890"
168,precleaned\Zabala - April 28\Screenshot_20260428_155221_Messages.jpg,113,2,Unknown,Saturday 8 Mar 2025 + 10:05am,"Bratpack Drops! Get summer-ready with must-have essentials from New Era, Wallex, DBTK, Hydro Flask, Birkenstock, Native, and more. Shop now at a Bratpack store near you!"
169,precleaned\Zabala - April 28\Screenshot_20260428_155221_Messages.jpg,113,3,Unknown,Friday 2 May « 5:35pm,"SKOOP is back at Bratpack! Time to cop the Basiks, throw on the drip, and let your fits match the vibe! Don't snooze at this comeback, fam! Get 'em now at select Bratpack stores."
170,precleaned\Zabala - April 28\Screenshot_20260428_155231_Messages.jpg,114,1,Unknown,,"Shop smarter every Mon & Tue! Enjoy 15% OFF at Primer stores like Bratoack, GRIND, R.O.X., ResToeRun, The Travel Club & more. T&Cs apply. DTI 224784"
171,precleaned\Zabala - April 28\Screenshot_20260428_155231_Messages.jpg,114,2,Unknown,Monday 4 Aug « 11:42am,"Deals you'll love, every Monday & Tuesday! Get 15% OFF at Primer stores like Bratpack, GRIND, ResToeRun, R.O.X., The Travel Club & more. T&Cs apply. DTI224784"
172,precleaned\Zabala - April 28\Screenshot_20260428_155231_Messages.jpg,114,3,Unknown,Tuesday 5 Aug * 4:01pm,"Hi, Ralf Cedric! Birkentock is NOW available at ResToeRun Greenhills Mall. Come visit us at the 3rd level."
173,precleaned\Zabala - April 28\Screenshot_20260428_155231_Messages.jpg,114,4,Unknown,Sunday 31 Aug « 11:21am,"Start your week right! Loyalty members get 15% OFF @ Primer stores every Mon & Tues-Bratpack, ResToeRun, R.O.X., The Travel Club & more! T&Cs apply. DTI224784"
174,precleaned\Zabala - April 28\Screenshot_20260428_155240_Messages.jpg,115,1,Unknown,Monday 1 Sept « 11:03 am,"Hey September Star! Celebrate your birthday month with 20% OFF at PRIMER stores like Bratpack, GRIND, ResToeRun, R.O.X., The Travel Club & more! Treat yourself to top picks from Birkenstock, Montbell, Hellolulu, Hydro Flask, Keen, Delsey & more. This promo ends Sept. 30, 2025. T&Cs apply."
175,precleaned\Zabala - April 28\Screenshot_20260428_155240_Messages.jpg,115,2,Unknown,Saturday 20 Sept - 10:05 am,"Don't miss your 20% OFF Birthday Treat! Shop at PRIMER stores like Bratpack, GRIND, ResToeRun, R.O.X. The Travel Club & more. Treat yourself with premium products from Birkenstock, Hellolulu, Hydro Flask, Montbell, Native, Delsey, Keen & more. Hurry, this promo runs until Sept. 30, 2025. T&Cs apply."
176,precleaned\Zabala - April 28\Screenshot_20260428_155240_Messages.jpg,115,3,Unknown,Sunday 5 Oct « 11:04am,"Kick off your week with 15% OFF every Monday & Tuesday at PRIMER stores like Bratpack, GRIND, ResToeRun, R.O.X., The Travel Club & more! T&Cs apply. DTI224784"
177,precleaned\Zabala - April 28\Screenshot_20260428_155308_Messages.jpg,116,1,Smart,,"You have successfully redeemed ALL DATA 99 using 99 GigaPoints. Keep using the Smart App to earn MORE points to redeem MORE rewards! Awesome! You can now enjoy 6 GB SHAREABLE DATA FOR ALL SITES for 7 days with ALL DATA 99. Get EXCLUSIVE promos every week JUST FOR YOU with just a tap on the Smart App! Click ""Don't Miss Out"" NOW on smrt.ph/SmartApp for MORE SURPRISES! C"
178,precleaned\Zabala - April 28\Screenshot_20260428_155308_Messages.jpg,116,2,Unknown,,Tap to load preview
179,precleaned\Zabala - April 28\Screenshot_20260428_155308_Messages.jpg,116,3,Smart,Saturday 9 Nov 2024 + 4:08 pm,"Awesome! You can now enjoy 6 GB SHAREABLE DATA FOR ALL SITES for 7 days with ALL DATA 99. You have successfully redeemed ALL DATA 99 using 99 GigaPoints. Keep using the Smart App to earn MORE points to redeem MORE rewards! Get EXCLUSIVE promos every week JUST FOR YOU with just a tap on the Smart App! Click ""Don't Miss Out"" NOW on smrt.ph/SmartApp for MORE SURPRISES! ,"
180,precleaned\Zabala - April 28\Screenshot_20260428_155328_Messages.jpg,117,1,Smart,,"Get EXCLUSIVE promos every week JUST FOR YOU with just a tap on the Smart App! Click ""Don't Miss Out"" NOW on smrt.ph/SmartApp for MORE SURPRISES! C Tap to load preview You have successfully redeemed ALL DATA 99 using 99 GigaPoints. Keep using the Smart App to earn MORE points to redeem MORE rewards! Awesome! You can now enjoy 6 GB SHAREABLE DATA FOR ALL SITES for 7 days with ALL DATA 99."
181,precleaned\Zabala - April 28\Screenshot_20260428_155328_Messages.jpg,117,2,Smart,Friday 25 Jul * 7:45pm,"Awesome! You can now enjoy 6 GB SHAREABLE DATA FOR ALL SITES for 7 days with ALL DATA 99. You have successfully redeemed ALL DATA 99 using 99 GigaPoints. Keep using the Smart App to earn MORE points to redeem MORE rewards! Get EXCLUSIVE promos every week JUST FOR YOU with just a tap on the Smart App! Click ""Don't Miss Out"" NOW on smrt.ph/SmartApp for MORE SURPRISES!"
182,precleaned\Zabala - April 28\Screenshot_20260428_160139_Messages.jpg,118,1,Smart,,"You have successfully redeemed ALL DATA 99 using 99 GigaPoints. Keep using the Smart App to earn MORE points to redeem MORE rewards! Get EXCLUSIVE promos every week JUST FOR YOU with just a tap on the Smart App! Click ""Don't Miss Out"" NOW on smrt.ph/SmartApp for MORE SURPRISES! C Tap to load preview Awesome! You can now enjoy 6 GB SHAREABLE DATA FOR ALL SITES for 7 days with ALL DATA 99."
183,precleaned\Zabala - April 28\Screenshot_20260428_160139_Messages.jpg,118,2,Smart,Friday 8 Aug - 9:04am,"Awesome! You can now enjoy 6 GB SHAREABLE DATA FOR ALL SITES for 7 days with ALL DATA 99. You have successfully redeemed ALL DATA 99 using 99 GigaPoints. Keep using the Smart App to earn MORE points to redeem MORE rewards! Get EXCLUSIVE promos every week JUST FOR YOU with just a tap on the Smart App! Click ""Don't Miss Out"" NOW on smrt.ph/SmartApp for MORE SURPRISES!"
184,precleaned\Zabala - April 28\Screenshot_20260428_160152_Messages.jpg,119,1,Smart,,"You have successfully redeemed ALL DATA 99 using 99 GigaPoints. Keep using the Smart App to earn MORE points to redeem MORE rewards! Awesome! You can now enjoy 6 GB SHAREABLE DATA FOR ALL SITES for 7 days with ALL DATA 99. Get EXCLUSIVE promos every week JUST FOR YOU with just a tap on the Smart App! Click ""Don't Miss Out"" NOW on smrt.ph/SmartApp for MORE SURPRISES! C Tap to load preview"
185,precleaned\Zabala - April 28\Screenshot_20260428_160152_Messages.jpg,119,2,Smart,Tuesday 9 Sept + 2:23 pm,"Awesome! You can now enjoy 6 GB SHAREABLE DATA FOR ALL SITES for 7 days with ALL DATA 99. You have successfully redeemed ALL DATA 99 using 99 GigaPoints. Keep using the Smart App to earn MORE points to redeem MORE rewards! Get EXCLUSIVE promos every week JUST FOR YOU with just a tap on the Smart App! Click ""Don't Miss Out"" NOW on smrt.ph/SmartApp for MORE SURPRISES!"
186,precleaned\Zabala - April 28\Screenshot_20260428_160204_Messages.jpg,120,1,Smart,,C Tap to load preview You have successfully redeemed ALL DATA 99 using 99 GigaPoints. Keep using the Smart App to earn MORE points to redeem MORE rewards! Awesome! You can now enjoy 6 GB SHAREABLE DATA FOR ALL SITES for 7 days with ALL DATA 99.
187,precleaned\Zabala - April 28\Screenshot_20260428_160204_Messages.jpg,120,2,Smart,Tuesday 14 Oct + 6:46am,"Awesome! You can now enjoy 6 GB SHAREABLE DATA FOR ALL SITES for 7 days with ALL DATA 99. Get EXCLUSIVE promos every week JUST FOR YOU with just a tap on the Smart App! Click ""Don't Miss Out"" NOW on smrt.ph/SmartApp for MORE SURPRISES!"
188,precleaned\Zabala - April 28\Screenshot_20260428_160208_Messages.jpg,121,1,Smart,,"4:02 OM e © F il & € Smart App : with just a tap on the Smart App! Click “Don't Miss Out"" NOW on smrt.ph/SmartApp for MORE SURPRISES! C Tap to load preview You have successfully redeemed ALL DATA 99 using 99 GigaPoints. Keep using the Smart App to earn MORE points to redeem MORE rewards!"
189,precleaned\Zabala - April 28\Screenshot_20260428_160208_Messages.jpg,121,2,Smart,Tuesday 11 Nov + 8:18 pm,"Get EXCLUSIVE promos every week JUST FOR YOU with just a tap on the Smart App! Click ""Don't Miss Out"" NOW on smrt.ph/SmartApp for MORE SURPRISES! C Tap to load preview"
190,precleaned\Zabala - April 28\Screenshot_20260428_160208_Messages.jpg,121,3,Smart,Tuesday 11 Nov + 8:18 pm,Awesome! You can now enjoy 6 GB SHAREABLE DATA FOR ALL SITES for 7 days with ALL DATA 99. You have successfully redeemed ALL DATA 99 using 99 GigaPoints. Keep using the Smart App to earn MORE points to redeem MORE rewards!
191,precleaned\Zabala - April 28\Screenshot_20260428_160208_Messages.jpg,121,4,Unknown,8:18 pm,Can't reply to this short code. Learn more
192,precleaned\Zabala - April 28\Screenshot_20260428_160546_Messages.jpg,122,1,Unknown,,Your Discord security code is: 559242 tzD9jJY28Wrn
193,precleaned\Zabala - April 28\Screenshot_20260428_160546_Messages.jpg,122,2,Unknown,,Your Discord security code is: 033491 tzD9jJY28Wrn
194,precleaned\Zabala - April 28\Screenshot_20260428_160604_Messages.jpg,123,1,Unknown,Monday 26 Feb 2024 + 7:07 am,Your Claude verification code is: 213806 Your Claude verification code is: 213806 Your Claude verification code is: 754611 Your Claude verification code is: 213806 a Unread KK
195,precleaned\Zabala - April 28\Screenshot_20260428_160604_Messages.jpg,123,2,Unknown,Thursday 30 Jan 2025 * 5:34pm,Your Claude verification code is: 342073
196,precleaned\Zabala - April 28\Screenshot_20260428_160604_Messages.jpg,123,3,Unknown,Friday 31 Jan 2025 + 11:48am,Your Claude verification code is: 803237
197,precleaned\Zabala - April 28\Screenshot_20260428_160604_Messages.jpg,123,4,Unknown,Monday 29 Dec « 7:56am,Your Indeed verification code is: 858364
198,precleaned\Zabala - April 28\Screenshot_20260428_160635_Messages.jpg,124,1,TikTok,,#][TikTok] 262314 is your verification code DaewVIZQ+ns
199,precleaned\Zabala - April 28\Screenshot_20260428_160647_Messages.jpg,125,1,Unknown,Tuesday 10 Feb « 11:22am,Hi Ka-LBC! We will deliver your shipment 174260568789 today. Provide authorization & ID if not around. Photo may be taken as proof of delivery. Thanks
200,precleaned\Zabala - April 28\Screenshot_20260428_160647_Messages.jpg,125,2,Unknown,Tuesday 10 Feb + 4:56pm,Hi Ka-LBC! Your shipment 174260568789 was received by ZABALA RALF CEDRIC TRIPOLI on 10-02-2026. Thanks
201,precleaned\Zabala - April 28\Screenshot_20260428_160721_Messages.jpg,126,1,Microsoft,Wednesday 17 Jan 2024 + 4:32 pm,Use verification code 889469 for Microsoft authentication. Use verification code 247616 for Microsoft authentication.
202,precleaned\Zabala - April 28\Screenshot_20260428_160721_Messages.jpg,126,2,Microsoft,Friday 19 Jan 2024 + 2:42pm,Use verification code 597521 for Microsoft authentication.
203,precleaned\Zabala - April 28\Screenshot_20260428_160721_Messages.jpg,126,3,Microsoft,Saturday 20 Jan 2024 + 10:20 pm,Use verification code 367299 for Microsoft authentication.
204,precleaned\Zabala - April 28\Screenshot_20260428_160721_Messages.jpg,126,4,Microsoft,Friday 26 Jan 2024 + 8:50am,Use verification code 090515 for Microsoft authentication.
205,precleaned\Zabala - April 28\Screenshot_20260428_160730_Messages.jpg,127,1,Microsoft,Wednesday 31 Jan 2024 + 7:47am,Use verification code 617100 for Microsoft authentication.
206,precleaned\Zabala - April 28\Screenshot_20260428_160730_Messages.jpg,127,2,Microsoft,Friday 23 Feb 2024 + 12:58 pm,Use verification code 266679 for Microsoft authentication.
207,precleaned\Zabala - April 28\Screenshot_20260428_160730_Messages.jpg,127,3,Microsoft,Saturday 24 Feb 2024 + 11:06pm,Use verification code 370419 for Microsoft authentication.
208,precleaned\Zabala - April 28\Screenshot_20260428_160730_Messages.jpg,127,4,Microsoft,Sunday 3 Mar 2024 + 8:58am,Use verification code 298711 for Microsoft authentication.
209,precleaned\Zabala - April 28\Screenshot_20260428_160730_Messages.jpg,127,5,Microsoft,Monday 20 May 2024 « 8:19am,Use verification code 323784 for Microsoft authentication.
210,precleaned\Zabala - April 28\Screenshot_20260428_160740_Messages.jpg,128,1,Microsoft,Wednesday 5 Jun 2024 + 1:19pm,Use verification code 404625 for Microsoft authentication.
211,precleaned\Zabala - April 28\Screenshot_20260428_160740_Messages.jpg,128,2,Microsoft,Sunday 30 Jun 2024 + 3:59pm,Use verification code 283773 for Microsoft authentication.
212,precleaned\Zabala - April 28\Screenshot_20260428_160740_Messages.jpg,128,3,Microsoft,Wednesday 3 Jul 2024 + 8:27 pm,Use verification code 345809 for Microsoft authentication.
213,precleaned\Zabala - April 28\Screenshot_20260428_160740_Messages.jpg,128,4,Microsoft,Monday 8 Jul 2024 + 9:00am,Use verification code 622650 for Microsoft authentication.
214,precleaned\Zabala - April 28\Screenshot_20260428_160740_Messages.jpg,128,5,Microsoft,Monday 8 Jul 2024 + 11:14am,Use verification code 251631 for Microsoft authentication.
215,precleaned\Zabala - April 28\Screenshot_20260428_160753_Messages.jpg,129,1,Microsoft,,Use verification code 488546 for Microsoft authentication.
216,precleaned\Zabala - April 28\Screenshot_20260428_160753_Messages.jpg,129,2,Microsoft,Friday 12 Jul 2024 + 9:55pm,Use verification code 574136 for Microsoft authentication.
217,precleaned\Zabala - April 28\Screenshot_20260428_160753_Messages.jpg,129,3,Microsoft,Wednesday 21 Aug 2024 « 11:13 am,Use verification code 386144 for Microsoft authentication.
218,precleaned\Zabala - April 28\Screenshot_20260428_160753_Messages.jpg,129,4,Microsoft,Thursday 22 Aug 2024 + 6:32pm,Use verification code 042880 for Microsoft authentication.
219,precleaned\Zabala - April 28\Screenshot_20260428_160753_Messages.jpg,129,5,Microsoft,Saturday 31 Aug 2024 + 4:35pm,Use verification code 554148 for Microsoft authentication. Use verification code 190792 for Microsoft authentication.
220,precleaned\Zabala - April 28\Screenshot_20260428_160805_Messages.jpg,130,1,Microsoft,,Use verification code 758835 for Microsoft authentication.
221,precleaned\Zabala - April 28\Screenshot_20260428_160805_Messages.jpg,130,2,Microsoft,Thursday 3 Oct 2024 + 2:37 pm,Use verification code 194842 for Microsoft authentication.
222,precleaned\Zabala - April 28\Screenshot_20260428_160805_Messages.jpg,130,3,Microsoft,Sunday 27 Oct 2024 + 7:57pm,Use verification code 580943 for Microsoft authentication.
223,precleaned\Zabala - April 28\Screenshot_20260428_160805_Messages.jpg,130,4,Microsoft,Tuesday 29 Oct 2024 + 10:54 pm,Use verification code 972560 for Microsoft authentication.
224,precleaned\Zabala - April 28\Screenshot_20260428_160805_Messages.jpg,130,5,Microsoft,Sunday 24 Nov 2024 « 12:24 pm,Use verification code 695704 for Microsoft authentication. Use verification code 125610 for Microsoft authentication.
225,precleaned\Zabala - April 28\Screenshot_20260428_160816_Messages.jpg,131,1,Microsoft,,Use verification code 743618 for Microsoft authentication.
226,precleaned\Zabala - April 28\Screenshot_20260428_160816_Messages.jpg,131,2,Microsoft,Friday 31 Jan 2025 + 10:41am,Use verification code 670320 for Microsoft authentication.
227,precleaned\Zabala - April 28\Screenshot_20260428_160816_Messages.jpg,131,3,Microsoft,Friday 7 Feb 2025 + 1:48pm,Use verification code 938117 for Microsoft authentication. Use verification code 305511 for Microsoft authentication.
228,precleaned\Zabala - April 28\Screenshot_20260428_160816_Messages.jpg,131,4,Microsoft,Tuesday 11 Feb 2025 - 10:09am,Use verification code 150387 for Microsoft authentication.
229,precleaned\Zabala - April 28\Screenshot_20260428_160816_Messages.jpg,131,5,Microsoft,Thursday 20 Feb 2025 + 4:50pm,Use verification code 197435 for Microsoft authentication.
230,precleaned\Zabala - April 28\Screenshot_20260428_160829_Messages.jpg,132,1,Microsoft,,Use verification code 029857 for Microsoft authentication.
231,precleaned\Zabala - April 28\Screenshot_20260428_160829_Messages.jpg,132,2,Microsoft,Monday 24 Feb 2025 « 12:19am,Use verification code 729926 for Microsoft authentication.
232,precleaned\Zabala - April 28\Screenshot_20260428_160829_Messages.jpg,132,3,Microsoft,Friday 28 Feb 2025 « 2:35 pm,Use verification code 341976 for Microsoft authentication.
233,precleaned\Zabala - April 28\Screenshot_20260428_160829_Messages.jpg,132,4,Microsoft,Thursday 13 Mar 2025 + 4:29 pm,Use verification code 362450 for Microsoft authentication.
234,precleaned\Zabala - April 28\Screenshot_20260428_160829_Messages.jpg,132,5,Microsoft,Wednesday 19 Mar 2025 + 3:53 pm,Use verification code 526222 for Microsoft authentication. Use verification code 160190 for Microsoft authentication.
235,precleaned\Zabala - April 28\Screenshot_20260428_160839_Messages.jpg,133,1,Microsoft,,Use verification code 589265 for Microsoft authentication.
236,precleaned\Zabala - April 28\Screenshot_20260428_160839_Messages.jpg,133,2,Microsoft,Monday 12 May + 4:23 pm,Use verification code 381220 for Microsoft authentication.
237,precleaned\Zabala - April 28\Screenshot_20260428_160839_Messages.jpg,133,3,Microsoft,Tuesday 13 May « 11:20 am,Use verification code 702880 for Microsoft authentication. Use verification code 880044 for Microsoft authentication.
238,precleaned\Zabala - April 28\Screenshot_20260428_160839_Messages.jpg,133,4,Microsoft,Saturday 31 May * 10:09am,Use verification code 175844 for Microsoft authentication.
239,precleaned\Zabala - April 28\Screenshot_20260428_160839_Messages.jpg,133,5,Microsoft,Friday 6 Jun * 6:30pm,Use verification code 499667 for Microsoft authentication.
240,precleaned\Zabala - April 28\Screenshot_20260428_160852_Messages.jpg,134,1,Microsoft,,Use verification code 296228 for Microsoft authentication. Use verification code 257353 for Microsoft authentication.
241,precleaned\Zabala - April 28\Screenshot_20260428_160852_Messages.jpg,134,2,Microsoft,Wednesday 11 Jun « 11:07 am,Use verification code 880400 for Microsoft authentication.
242,precleaned\Zabala - April 28\Screenshot_20260428_160852_Messages.jpg,134,3,Microsoft,Thursday 12 Jun * 7:59pm,Use verification code 647723 for Microsoft authentication.
243,precleaned\Zabala - April 28\Screenshot_20260428_160852_Messages.jpg,134,4,Microsoft,Saturday 14 Jun * 10:25 am,Use verification code 546907 for Microsoft authentication.
244,precleaned\Zabala - April 28\Screenshot_20260428_160852_Messages.jpg,134,5,Microsoft,Thursday 19 Jun + 9:57 pm,Use verification code 082468 for Microsoft authentication.
245,precleaned\Zabala - April 28\Screenshot_20260428_160904_Messages.jpg,135,1,Microsoft,,Use verification code 159152 for Microsoft authentication. Use verification code 266662 for Microsoft authentication.
246,precleaned\Zabala - April 28\Screenshot_20260428_160904_Messages.jpg,135,2,Microsoft,Monday 30 Jun * 2:03 pm,Use verification code 662822 for Microsoft authentication.
247,precleaned\Zabala - April 28\Screenshot_20260428_160904_Messages.jpg,135,3,Microsoft,Friday 4 Jul * 1:00pm,Use verification code 043444 for Microsoft authentication.
248,precleaned\Zabala - April 28\Screenshot_20260428_160904_Messages.jpg,135,4,Microsoft,Wednesday 9 Jul * 2:24pm,Use verification code 637711 for Microsoft authentication.
249,precleaned\Zabala - April 28\Screenshot_20260428_160904_Messages.jpg,135,5,Microsoft,Saturday 19 Jul + 12:38 am,Use verification code 279696 for Microsoft authentication.
250,precleaned\Zabala - April 28\Screenshot_20260428_160912_Messages.jpg,136,1,Microsoft,Saturday 19 Jul + 11:34 am,Use verification code 282242 for Microsoft authentication.
251,precleaned\Zabala - April 28\Screenshot_20260428_160912_Messages.jpg,136,2,Microsoft,Wednesday 23 Jul + 8:23 pm,Use verification code 139144 for Microsoft authentication.
252,precleaned\Zabala - April 28\Screenshot_20260428_160912_Messages.jpg,136,3,Microsoft,Thursday 24 Jul + 1:51am,Use verification code 859442 for Microsoft authentication.
253,precleaned\Zabala - April 28\Screenshot_20260428_160912_Messages.jpg,136,4,Microsoft,Thursday 24 Jul * 9:36pm,Use verification code 905580 for Microsoft authentication.
254,precleaned\Zabala - April 28\Screenshot_20260428_160912_Messages.jpg,136,5,Microsoft,Thursday 24 Jul + 10:53 pm,Use verification code 767068 for Microsoft authentication.
255,precleaned\Zabala - April 28\Screenshot_20260428_160921_Messages.jpg,137,1,Microsoft,,Use verification code 167843 for Microsoft authentication.
256,precleaned\Zabala - April 28\Screenshot_20260428_160921_Messages.jpg,137,2,Microsoft,Thursday 7 Aug * 2:02pm,Use verification code 000354 for Microsoft authentication.
257,precleaned\Zabala - April 28\Screenshot_20260428_160921_Messages.jpg,137,3,Microsoft,Wednesday 20 Aug « 11:41am,Use verification code 219606 for Microsoft authentication.
258,precleaned\Zabala - April 28\Screenshot_20260428_160921_Messages.jpg,137,4,Microsoft,Wednesday 20 Aug + 6:18pm,Use verification code 247589 for Microsoft authentication.
259,precleaned\Zabala - April 28\Screenshot_20260428_160921_Messages.jpg,137,5,Microsoft,Friday 22 Aug + 9:52am,Use verification code 499681 for Microsoft authentication.
260,precleaned\Zabala - April 28\Screenshot_20260428_160932_Messages.jpg,138,1,Microsoft,,Use verification code 084005 for Microsoft authentication.
261,precleaned\Zabala - April 28\Screenshot_20260428_160932_Messages.jpg,138,2,Microsoft,Tuesday 16 Sept + 2:27 pm,Use verification code 974814 for Microsoft authentication. Use verification code 702830 for Microsoft authentication.
262,precleaned\Zabala - April 28\Screenshot_20260428_160932_Messages.jpg,138,3,Microsoft,Wednesday 17 Sept « 8:11pm,Use verification code 169785 for Microsoft authentication.
263,precleaned\Zabala - April 28\Screenshot_20260428_160932_Messages.jpg,138,4,Microsoft,Tuesday 4 Nov + 8:23am,Use verification code 379869 for Microsoft authentication.
264,precleaned\Zabala - April 28\Screenshot_20260428_160932_Messages.jpg,138,5,Microsoft,Tuesday 4 Nov + 1:39pm,Use verification code 153958 for Microsoft authentication.
265,precleaned\Zabala - April 28\Screenshot_20260428_160942_Messages.jpg,139,1,Microsoft,,Use verification code 410924 for Microsoft authentication.
266,precleaned\Zabala - April 28\Screenshot_20260428_160942_Messages.jpg,139,2,Microsoft,Monday 10 Nov « 4:07 pm,Use verification code 135491 for Microsoft authentication.
267,precleaned\Zabala - April 28\Screenshot_20260428_160942_Messages.jpg,139,3,Microsoft,Wednesday 7 Jan « 8:23 pm,Use verification code 674378 for Microsoft authentication. Use verification code 291030 for Microsoft authentication.
268,precleaned\Zabala - April 28\Screenshot_20260428_160942_Messages.jpg,139,4,Microsoft,Friday 9 Jan + 12:53 pm,Use verification code 085792 for Microsoft authentication.
269,precleaned\Zabala - April 28\Screenshot_20260428_160942_Messages.jpg,139,5,Microsoft,Friday 16 Jan + 2:29 pm,Use verification code 545870 for Microsoft authentication.
270,precleaned\Zabala - April 28\Screenshot_20260428_160951_Messages.jpg,140,1,Microsoft,Wednesday 18 Feb + 5:43 pm,Use verification code 812668 for Microsoft authentication.
271,precleaned\Zabala - April 28\Screenshot_20260428_160951_Messages.jpg,140,2,Microsoft,Wednesday 18 Feb + 8:20 pm,Use verification code 531530 for Microsoft authentication. Use verification code 915596 for Microsoft authentication. Use verification code 367178 for Microsoft authentication.
272,precleaned\Zabala - April 28\Screenshot_20260428_161146_Messages.jpg,141,1,Smart,,1/2 29-Dec 18:25: P300 loaded to 09397250664 from XXXXXXXX8660 for 1 year. Ref:ALT572I6NT. Get MORE with PROMO LOAD in the Smart App! 2/2 Get MORE Load for less with the all NEW PROMO LOAD! Buy P300 and get a total of P333 Load valid for 30 days. Get NOW at smrt.ph/SmartApp C
273,precleaned\Zabala - April 28\Screenshot_20260428_161146_Messages.jpg,141,2,Unknown,,Tap to load preview
274,precleaned\Zabala - April 28\Screenshot_20260428_161146_Messages.jpg,141,3,Smart,Sunday 21 Jan 2024 + 8:49am,1/2 21-Jan 08:49: P115 loaded to 09397250664 from XXXXXXXX8660 for 1 year. Ref:BAL49HHY30. Get MORE with PROMO LOAD in the Smart App! 2/2 Get MORE Load for less with the all NEW PROMO LOAD! Buy P300 and get a total of P333 Load valid for 30 days. Get NOW at smrt.ph/SmartApp
275,precleaned\Zabala - April 28\Screenshot_20260428_161157_Messages.jpg,142,1,Smart,,1/2 O7-Feb 21:30: P300 loaded to 09397250664 from XXXXXXXX8660 for 1 year. Ref:BB76BDDJXW. Get MORE with PROMO LOAD in the Smart App! 2/2 Get MORE Load for less with the all NEW PROMO LOAD! Buy P300 and get a total of P333 Load valid for 30 days. Get NOW at smrt.ph/SmartApp C Tap to load preview
276,precleaned\Zabala - April 28\Screenshot_20260428_161157_Messages.jpg,142,2,Smart,Wednesday 6 Mar 2024 + 2:04pm,1/2 06-Mar 14:04: P300 loaded to 09397250664 from XXXXXXXX7017 for 1 year. Ref:BC63E9IT6R. Get MORE with PROMO LOAD in the Smart App! 2/2 Get MORE Load for less with the all NEW PROMO LOAD! Buy P300 and get a total of P333 Load valid for 30 days. Get NOW at smrt.ph/SmartApp
277,precleaned\Zabala - April 28\Screenshot_20260428_161205_Messages.jpg,143,1,Smart,,1/2 24-Mar 17:01: P300 loaded to 09397250664 from XXXXXXXXO0245 for 1 year. Ref:BCO6G541J6. Get MORE with PROMO LOAD in the Smart App! 2/2 Get MORE Load for less with the all NEW PROMO LOAD! Buy P300 and get a total of P333 Load valid for 30 days. Get NOW at smrt.ph/SmartApp Cc Tap to load preview
278,precleaned\Zabala - April 28\Screenshot_20260428_161205_Messages.jpg,143,2,Smart,Monday 8 Apr 2024 + 6:56pm,2/2 Get MORE Load for less with the all NEW PROMO LOAD! Buy P300 and get a total of P333 Load valid for 30 days. Get NOW at smrt.ph/SmartApp C Tap to load preview 1/2 08-Apr 18:56: P300 loaded to 09397250664 from XXXXXXXX8660 for 1 year. Ref:BD82HOEAOM. Get MORE with PROMO LOAD in the Smart App!
279,precleaned\Zabala - April 28\Screenshot_20260428_161214_Messages.jpg,144,1,Unknown,,2/2 Get MORE Load for less with the all NEW PROMO LOAD! Buy P300 and get a total of P333 Load valid for 30 days. Get NOW at smrt.ph/SmartApp Cc
280,precleaned\Zabala - April 28\Screenshot_20260428_161214_Messages.jpg,144,2,Smart,,Tap to load preview 1/2 21-Jun 18:55: P300 loaded to 09397250664 from XXXXXXXX7017 for 1 year. Ref:BFL7P3UKFJ. Get MORE with PROMO LOAD in the Smart App!
281,precleaned\Zabala - April 28\Screenshot_20260428_161214_Messages.jpg,144,3,TikTok,Sunday 28 Jul 2024 +» 5:52pm,1/2 28-Jul 17:52: P300 loaded to 09397250664 from XXXXXXXX1336 for 1 year. Ref:BGS3SOGQDL. Get MORE with PROMO LOAD in the Smart App! 2/2 Do it ALL with POWER ALL! Enjoy up to 30 Days of FREE TikTok + 20 GB + Unli Calls & Texts. Get it NOW at smrt.ph/SmartApp
282,precleaned\Zabala - April 28\Screenshot_20260428_161223_Messages.jpg,145,1,Smart,,"2/2 Stay always connected! Manage your subscriptions and check out the Smart App for Bigger & Longer Data, No Expiry offers and MORE! smrt.ph/SmartApp C Tap to load preview"
283,precleaned\Zabala - April 28\Screenshot_20260428_161223_Messages.jpg,145,2,Smart,,1/2 03-Sep 16:02: P200 loaded to 09397250664 from XXXXXXXX1336 for 1 year. Ref:BIS9W8FBFD. Get MORE with PROMO LOAD in the Smart App!
284,precleaned\Zabala - April 28\Screenshot_20260428_161223_Messages.jpg,145,3,Smart,Thursday 17 Oct 2024 + 10:30am,"1/2 17-Oct 10:30: P300 loaded to 09397250664 from XXXXXXXX1336 for 1 year. Ref:BJH13863R9. Get MORE with PROMO LOAD in the Smart App! 2/2 Stay always connected! Manage your subscriptions and check out the Smart App for Bigger & Longer Data, No Expiry offers and MORE! smrt.ph/SmartApp"
285,precleaned\Zabala - April 28\Screenshot_20260428_161232_Messages.jpg,146,1,Smart,,"1/2 13-Dec 17:09: P200 loaded to 09397250664 from XXXXXXXX1336 for 1 year. Ref:BLDO8KWBEO. Get MORE with PROMO LOAD in the Smart App! 2/2 Stay always connected! Manage your subscriptions and check out the Smart App for Bigger & Longer Data, No Expiry offers and MORE! smrt.ph/SmartApp C"
286,precleaned\Zabala - April 28\Screenshot_20260428_161232_Messages.jpg,146,2,Unknown,,Tap to load preview
287,precleaned\Zabala - April 28\Screenshot_20260428_161232_Messages.jpg,146,3,Smart,Thursday 2 Jan 2025 + 1:48am,"1/2 02-Jan 01:48: P200 loaded to 09397250664 from XXXXXXXX1336 for 1 year. Ref:CA22ADZ7TI. Get MORE with PROMO LOAD in the Smart App! 2/2 Stay always connected! Manage your subscriptions and check out the Smart App for Bigger & Longer Data, No Expiry offers and MORE! smrt.oh/SmartApp"
288,precleaned\Zabala - April 28\Screenshot_20260428_161240_Messages.jpg,147,1,Smart,,"1/2 15-Jan 01:12: P300 loaded to 09397250664 from XXXXXXXX1336 for 1 year. Ref:CAFOBL4266. Get MORE with PROMO LOAD in the Smart App! 2/2 Stay always connected! Manage your subscriptions and check out the Smart App for Bigger & Longer Data, No Expiry offers and MORE! smrt.ph/SmartApp C Tap to load preview"
289,precleaned\Zabala - April 28\Screenshot_20260428_161240_Messages.jpg,147,2,Smart,Wednesday 5 Feb 2025 « 1:19 pm,"1/2 05-Feb 13:19: P300 loaded to 09397250664 from XXXXXXXX1336 for 1 year. Ref:CB56DJX3TO. Get MORE with PROMO LOAD in the Smart App! 2/2 Stay always connected! Manage your subscriptions and check out the Smart App for Bigger & Longer Data, No Expiry offers and MORE! smrt.ph/SmartApp"
290,precleaned\Zabala - April 28\Screenshot_20260428_161252_Messages.jpg,148,1,Smart,,"1/2 12-Feb 14:29: P300 loaded to 09397250664 from XXXXXXXX1336 for 1 year. Ref:CBC7E6GOLF. Get MORE with PROMO LOAD in the Smart App! 2/2 Stay always connected! Manage your subscriptions and check out the Smart App for Bigger & Longer Data, No Expiry offers and MORE! smrt.oh/SmartApp C Tap to load preview"
291,precleaned\Zabala - April 28\Screenshot_20260428_161252_Messages.jpg,148,2,Smart,Monday 3 Mar 2025 + 1:49pm,"2/2 Stay always connected! Manage your subscriptions and check out the Smart App for Bigger & Longer Data, No Expiry offers and MORE! smrt.oh/SmartApp C Tap to load preview 1/2 03-Mar 13:49: P300 loaded to 09397250664 from XXXXXXXX1336 for 1 year. Ref:CC34FV1IYC6. Get MORE with PROMO LOAD in the Smart App!"
292,precleaned\Zabala - April 28\Screenshot_20260428_161302_Messages.jpg,149,1,Smart,,"2/2 Stay always connected! Manage your subscriptions and check out the Smart App for Bigger & Longer Data, No Expiry offers and MORE! smrt.ph/SmartApp C Tap to load preview"
293,precleaned\Zabala - April 28\Screenshot_20260428_161302_Messages.jpg,149,2,Smart,,1/2 15-Mar 16:35: P300 loaded to 09397250664 from XXXXXXXX1336 for 1 year. Ref: CCF6GZOPAO. Get MORE with PROMO LOAD in the Smart App!
294,precleaned\Zabala - April 28\Screenshot_20260428_161302_Messages.jpg,149,3,Smart,Saturday 29 Mar 2025 * 10:40 pm,"1/2 29-Mar 22:40: P500 loaded to 09397250664 from XXXXXXXX1336 for 1 year. Ref:CCT3IAN2V9. Get MORE with PROMO LOAD in the Smart App! 2/2 Stay always connected! Manage your subscriptions and check out the Smart App for Bigger & Longer Data, No Expiry offers and MORE! smrt.ph/SmartApp"
295,precleaned\Zabala - April 28\Screenshot_20260428_161314_Messages.jpg,150,1,Smart,,"1/2 29-Mar 22:42: P100 loaded to 09397250664 from XXXXXXXX1336 for 1 year. Ref:CCTZIANIGE. Get MORE with PROMO LOAD in the Smart App! 2/2 Stay always connected! Manage your subscriptions and check out the Smart App for Bigger & Longer Data, No Expiry offers and MORE! smrt.ph/SmartApp C"
296,precleaned\Zabala - April 28\Screenshot_20260428_161314_Messages.jpg,150,2,Unknown,,Tap to load preview
297,precleaned\Zabala - April 28\Screenshot_20260428_161314_Messages.jpg,150,3,Smart,Saturday 5 Apr 2025 * 7:20pm,"1/2 05-Apr 19:20: P200 loaded to 09397250664 from XXXXXXXX1336 for 1 year. Ref:CD57IWVG2D. Get MORE with PROMO LOAD in the Smart App! 2/2 Stay always connected! Manage your subscriptions and check out the Smart App for Bigger & Longer Data, No Expiry offers and MORE! smrt.ph/SmartApp"
298,precleaned\Zabala - April 28\Screenshot_20260428_161323_Messages.jpg,151,1,Smart,,"1/2 O7-May 10:38: P300 loaded to 09397250664 from XXXXXXXX7438 for 1 year. Ref:CE75LPS10B. Get MORE with PROMO LOAD in the Smart App! 2/2 Stay always connected! Manage your subscriptions and check out the Smart App for Bigger & Longer Data, No Expiry offers and MORE! smrt.ph/SmartApp C Tap to load preview"
299,precleaned\Zabala - April 28\Screenshot_20260428_161323_Messages.jpg,151,2,Smart,Tuesday 13 May * 12:50 pm,"1/2 13-May 12:50: P200 loaded to 09397250664 from XXXXXXXX7438 for 1 year. Ref: CEDIMAJJVP. Get MORE with PROMO LOAD in the Smart App! 2/2 Stay always connected! Manage your subscriptions and check out the Smart App for Bigger & Longer Data, No Expiry offers and MORE! smrt.oh/SmartApp"
300,precleaned\Zabala - April 28\Screenshot_20260428_161333_Messages.jpg,152,1,Smart,,"1/2 06-Jun 20:05: P200 loaded to 09397250664 from XXXXXXXX7438 for 1 year. Ref:CF610F4VRP. Get MORE with PROMO LOAD in the Smart App! 2/2 Stay always connected! Manage your subscriptions and check out the Smart App for Bigger & Longer Data, No Expiry offers and MORE! smrt.ph/SmartApp C Tap to load preview"
301,precleaned\Zabala - April 28\Screenshot_20260428_161333_Messages.jpg,152,2,Smart,Tuesday 10 Jun * 12:36pm,"1/2 10-Jun 12:36: P200 loaded to 09397250664 from XXXXXXXX7438 for 1 year. Ref:;CFAIOQ5BYL. Get MORE with PROMO LOAD in the Smart App! 2/2 Stay always connected! Manage your subscriptions and check out the Smart App for Bigger & Longer Data, No Expiry offers and MORE! smrt.ph/SmartApp"
302,precleaned\Zabala - April 28\Screenshot_20260428_161342_Messages.jpg,153,1,Smart,,"1/2 15-Aug 12:31: P200 loaded to 09397250664 from XXXXXXXX2950 for 1 year. Ref:;CHF6UDJ2WU. Get MORE with PROMO LOAD in the Smart App! 2/2 Stay always connected! Manage your subscriptions and check out the Smart App for Bigger & Longer Data, No Expiry offers and MORE! smrt.oh/SmartApp C"
303,precleaned\Zabala - April 28\Screenshot_20260428_161342_Messages.jpg,153,2,Unknown,,Tap to load preview
304,precleaned\Zabala - April 28\Screenshot_20260428_161342_Messages.jpg,153,3,Smart,Wednesday 27 Aug - 6:05pm,"1/2 27-Aug 18:05: P300 loaded to 09397250664 from XXXXXXXX7438 for 1 year. Ref:;CHRIVEZPOR. Get MORE with PROMO LOAD in the Smart App! 2/2 Stay always connected! Manage your subscriptions and check out the Smart App for Bigger & Longer Data, No Expiry offers and MORE! smrt.oh/SmartApp"
305,precleaned\Zabala - April 28\Screenshot_20260428_161350_Messages.jpg,154,1,Smart,,"1/2 16-Sep 17:51: P300 loaded to 09397250664 from XXXXXXXX7438 for 1 year. Ref:CIG7016RAX. Get MORE with PROMO LOAD in the Smart App! 2/2 Stay always connected! Manage your subscriptions and check out the Smart App for Bigger & Longer Data, No Expiry offers and MORE! smrt.ph/SmartApp C Tap to load preview"
306,precleaned\Zabala - April 28\Screenshot_20260428_161350_Messages.jpg,154,2,Smart,Saturday 4 Oct + 2:21am,"1/2 04-Oct 02:21: P300 loaded to 09397250664 from XXXXXXXX7438 for 1 year. Ref:CJ44111XJ2. Get MORE with PROMO LOAD in the Smart App! 2/2 Stay always connected! Manage your subscriptions and check out the Smart App for Bigger & Longer Data, No Expiry offers and MORE! smrt.ph/SmartApp"
307,precleaned\Zabala - April 28\Screenshot_20260428_161358_Messages.jpg,155,1,Smart,,"1/2 30-Oct 10:38: P300 loaded to 09397250664 from XXXXXXXX7438 for 1 year. Ref:CJU33Q9QFT. Get MORE with PROMO LOAD in the Smart App! 2/2 Stay always connected! Manage your subscriptions and check out the Smart App for Bigger & Longer Data, No Expiry offers and MORE! smrt.ph/SmartApp C Tap to load preview s——_ A Unread ii"
308,precleaned\Zabala - April 28\Screenshot_20260428_161358_Messages.jpg,155,2,Smart,Tuesday 25 Nov « 5:21pm,"1/2 25-Nov 17:21: P300 loaded to 09397250664 from XXXXXXXX7438 for 1 year. Ref:;CKP85ZJPV8. Get MORE with PROMO LOAD in the Smart App! 2/2 Stay always connected! Manage your subscriptions and check out the Smart App for Bigger & Longer Data, No Expiry offers and MORE! smrt.ph/SmartApp"
309,precleaned\Zabala - April 28\Screenshot_20260428_161406_Messages.jpg,156,1,Smart,,"2/2 Stay always connected! Manage your subscriptions and check out the Smart App for Bigger & Longer Data, No Expiry offers and MORE! smrt.ph/SmartApp C Tap to load preview 1/2 18-Dec 21:42: P300 loaded to 09397250664 from XXXXXXXX7438 for 1 year. Ref:CLI77Z23RN. Get MORE with PROMO LOAD in the Smart App!"
310,precleaned\Zabala - April 28\Screenshot_20260428_161406_Messages.jpg,156,2,Smart,Monday 22 Dec + 6:38 pm,"1/2 22-Dec 18:38: P300 loaded to 09397250664 from XXXXXXXX7438 for 1 year. Ref: CLM48AWRSY. Get MORE with PROMO LOAD in the Smart App! 2/2 Stay always connected! Manage your subscriptions and check out the Smart App for Bigger & Longer Data, No Expiry offers and MORE! smrt.ph/SmartApp"
311,precleaned\Zabala - April 28\Screenshot_20260428_161414_Messages.jpg,157,1,Smart,,"1/2 14-Jan 16:42: P300 loaded to 09397250664 from XXXXXXXX7438 for 1 year. Ref:DAE3A6ZSD1. Get MORE with PROMO LOAD in the Smart App! 2/2 Stay always connected! Manage your subscriptions and check out the Smart App for Bigger & Longer Data, No Expiry offers and MORE! smrt.ph/SmartApp C Tap to load preview"
312,precleaned\Zabala - April 28\Screenshot_20260428_161414_Messages.jpg,157,2,Smart,Sunday 8 Feb « 1:12am,"1/2 08-Feb 01:12: P300 loaded to 09397250664 from XXXXXXXX7438 for 1 year. Ref: DB80C7IMSS. Get MORE with PROMO LOAD in the Smart App! 2/2 Stay always connected! Manage your subscriptions and check out the Smart App for Bigger & Longer Data, No Expiry offers and MORE! smrt.ph/SmartApp"
313,precleaned\Zabala - April 28\Screenshot_20260428_161422_Messages.jpg,158,1,Smart,,"1/2 18-Feb 15:58: P300 loaded to 09397250664 from XXXXXXXX7438 for 1 year. Ref:DBI6D32L9I. Get MORE with PROMO LOAD in the Smart App! 2/2 Stay always connected! Manage your subscriptions and check out the Smart App for Bigger & Longer Data, No Expiry offers and MORE! smrt.oh/SmartApp C"
314,precleaned\Zabala - April 28\Screenshot_20260428_161422_Messages.jpg,158,2,Unknown,,Tap to load preview
315,precleaned\Zabala - April 28\Screenshot_20260428_161422_Messages.jpg,158,3,Smart,Wednesday 4 Mar « 12:14 am,"1/2 04-Mar 00:14: P300 loaded to 09397250664 from XXXXXXXX7438 for 1 year. Ref:DC4OE6TEAW. Get MORE with PROMO LOAD in the Smart App! 2/2 Stay always connected! Manage your subscriptions and check out the Smart App for Bigger & Longer Data, No Expiry offers and MORE! smrt.oh/SmartApp"
316,precleaned\Zabala - April 28\Screenshot_20260428_161450_Messages.jpg,159,1,BPI,,"BPI] #MagingListoHuwagMagpaloko: Your One-Time PIN is 510833. Enter this code to confirm your login to BPI on your browser. If you did not make this login request, change your password or call the hotline immediately."
317,precleaned\Zabala - April 28\Screenshot_20260428_161450_Messages.jpg,159,2,BPI,Thursday 23 May 2024 « 11:02 pm,BPI] DO NOT SHARE: Use your SECRET one-time PIN 596966 to activate BPI Mobile Key on your SM-S918B.
318,precleaned\Zabala - April 28\Screenshot_20260428_161450_Messages.jpg,159,3,BPI,Wednesday 27 Aug * 6:04pm,BPI] DO NOT SHARE: Use your SECRET one-time PIN 257236 to activate BPI Mobile Key on your SM-S938B.
319,precleaned\Zabala - April 28\Screenshot_20260428_161459_Messages.jpg,160,1,BPI,Wednesday 14 Jan + 11:32am,BPI] DO NOT SHARE: Use your SECRET one-time PIN password 166728 to reset your password in BPI online.
320,precleaned\Zabala - April 28\Screenshot_20260428_161459_Messages.jpg,160,2,BPI,Saturday 14 Mar - 5:05pm,BPI] DO NOT SHARE: Use your SECRET one-time PIN 271056 to activate BPI Mobile Key on your SM-S938B.
321,precleaned\Zabala - April 28\Screenshot_20260428_161512_Messages.jpg,161,1,Unknown,,PBB] hi please use 461425
322,precleaned\Zabala - April 28\Screenshot_20260428_161726_Messages.jpg,162,1,Unknown,,You earned 4.95 GigaPoints on your promo
323,precleaned\Zabala - April 28\Screenshot_20260428_161726_Messages.jpg,162,2,Smart,,purchase! Simple. Easy. Smart. Thats the Smart App!
324,precleaned\Zabala - April 28\Screenshot_20260428_161726_Messages.jpg,162,3,Unknown,Thursday 8 Feb 2024 + 8:36pm,You earned 9.95 GigaPoints on your promo
325,precleaned\Zabala - April 28\Screenshot_20260428_161726_Messages.jpg,162,4,Smart,Thursday 8 Feb 2024 + 8:36pm,purchase! Simple. Easy. Smart. Thats the Smart App!
326,precleaned\Zabala - April 28\Screenshot_20260428_161726_Messages.jpg,162,5,Unknown,Tuesday 20 Feb 2024 + 4:19pm,You earned 4.95 GigaPoints on your promo
327,precleaned\Zabala - April 28\Screenshot_20260428_161726_Messages.jpg,162,6,Smart,Tuesday 20 Feb 2024 + 4:19pm,purchase! Simple. Easy. Smart. Thats the Smart App!
328,precleaned\Zabala - April 28\Screenshot_20260428_161726_Messages.jpg,162,7,Unknown,Friday 1 Mar 2024 + 10:32pm,You earned 4.95 GigaPoints on your promo
329,precleaned\Zabala - April 28\Screenshot_20260428_161726_Messages.jpg,162,8,Smart,Friday 1 Mar 2024 + 10:32pm,purchase! Simple. Easy. Smart. Thats the Smart App!
330,precleaned\Zabala - April 28\Screenshot_20260428_161726_Messages.jpg,162,9,Unknown,Monday 11 Mar 2024 + 8:35am,You earned 9.95 GigaPoints on your promo
331,precleaned\Zabala - April 28\Screenshot_20260428_161726_Messages.jpg,162,10,Smart,Monday 11 Mar 2024 + 8:35am,purchase! Simple. Easy. Smart. Thats the Smart App!
