manual_id,message_raw,message_clean,raw_text_available,text_privacy_status,provisional_label,final_label,service_category,institution_type,review_status,reviewer_notes,source_file,contains_url,contains_phone,contains_otp,contains_amount,contains_account_hint,merge_status,merged_from_manual_ids,merged_row_count,original_split_messages,artifact_flag,artifact_type,artifact_reason,suggested_action
manual_ham_000178,Tap to load preview,Tap to load preview,True,raw_ocr_extracted_text,unsure,ham,telecom,Unknown,approved,source_hint=Unknown; archive_notes=OCR extracted from screenshot; review rows where screenshot text was partially cropped or low contrast.,drive_export/THESIS/CLEANED/cleaned_dataset.csv,False,False,False,False,False,not_merged,manual_ham_000178,1,,True,ui_preview_artifact,message text is exactly or nearly exactly a phone/app preview UI artifact,remove_artifact
manual_ham_000180,"Get EXCLUSIVE promos every week JUST FOR YOU with just a tap on the Smart App! Click ""Don't Miss Out"" NOW on smrt.ph/SmartApp for MORE SURPRISES! C Tap to load preview You have successfully redeemed ALL DATA 99 using 99 GigaPoints. Keep using the Smart App to earn MORE points to redeem MORE rewards! Awesome! You can now enjoy 6 GB SHAREABLE DATA FOR ALL SITES for 7 days with ALL DATA 99.","Get EXCLUSIVE promos every week JUST FOR YOU with just a tap on the Smart App! Click ""Don't Miss Out"" NOW on <URL> for MORE SURPRISES! C Tap to load preview You have successfully redeemed ALL DATA 99 using 99 GigaPoints. Keep using the Smart App to earn MORE points to redeem MORE rewards! Awesome! You can now enjoy 6 GB SHAREABLE DATA FOR ALL SITES for 7 days with ALL DATA 99.",True,raw_ocr_extracted_text,unsure,ham,telecom,Smart,approved,source_hint=Smart; archive_notes=OCR extracted from screenshot; review rows where screenshot text was partially cropped or low contrast.,drive_export/THESIS/CLEANED/cleaned_dataset.csv,True,False,False,False,False,not_merged,manual_ham_000180,1,,True,embedded_ui_preview_text,UI preview phrase appears inside a longer row; keep for manual review to avoid removing a legitimate SMS,manual_review
manual_ham_000182,"You have successfully redeemed ALL DATA 99 using 99 GigaPoints. Keep using the Smart App to earn MORE points to redeem MORE rewards! Get EXCLUSIVE promos every week JUST FOR YOU with just a tap on the Smart App! Click ""Don't Miss Out"" NOW on smrt.ph/SmartApp for MORE SURPRISES! C Tap to load preview Awesome! You can now enjoy 6 GB SHAREABLE DATA FOR ALL SITES for 7 days with ALL DATA 99.","You have successfully redeemed ALL DATA 99 using 99 GigaPoints. Keep using the Smart App to earn MORE points to redeem MORE rewards! Get EXCLUSIVE promos every week JUST FOR YOU with just a tap on the Smart App! Click ""Don't Miss Out"" NOW on <URL> for MORE SURPRISES! C Tap to load preview Awesome! You can now enjoy 6 GB SHAREABLE DATA FOR ALL SITES for 7 days with ALL DATA 99.",True,raw_ocr_extracted_text,unsure,ham,telecom,Smart,approved,source_hint=Smart; archive_notes=OCR extracted from screenshot; review rows where screenshot text was partially cropped or low contrast.,drive_export/THESIS/CLEANED/cleaned_dataset.csv,True,False,False,False,False,not_merged,manual_ham_000182,1,,True,embedded_ui_preview_text,UI preview phrase appears inside a longer row; keep for manual review to avoid removing a legitimate SMS,manual_review
manual_ham_000184,"You have successfully redeemed ALL DATA 99 using 99 GigaPoints. Keep using the Smart App to earn MORE points to redeem MORE rewards! Awesome! You can now enjoy 6 GB SHAREABLE DATA FOR ALL SITES for 7 days with ALL DATA 99. Get EXCLUSIVE promos every week JUST FOR YOU with just a tap on the Smart App! Click ""Don't Miss Out"" NOW on smrt.ph/SmartApp for MORE SURPRISES! C Tap to load preview","You have successfully redeemed ALL DATA 99 using 99 GigaPoints. Keep using the Smart App to earn MORE points to redeem MORE rewards! Awesome! You can now enjoy 6 GB SHAREABLE DATA FOR ALL SITES for 7 days with ALL DATA 99. Get EXCLUSIVE promos every week JUST FOR YOU with just a tap on the Smart App! Click ""Don't Miss Out"" NOW on <URL> for MORE SURPRISES! C Tap to load preview",True,raw_ocr_extracted_text,unsure,ham,telecom,Smart,approved,source_hint=Smart; archive_notes=OCR extracted from screenshot; review rows where screenshot text was partially cropped or low contrast.,drive_export/THESIS/CLEANED/cleaned_dataset.csv,True,False,False,False,False,not_merged,manual_ham_000184,1,,True,embedded_ui_preview_text,UI preview phrase appears inside a longer row; keep for manual review to avoid removing a legitimate SMS,manual_review
manual_ham_000186,C Tap to load preview You have successfully redeemed ALL DATA 99 using 99 GigaPoints. Keep using the Smart App to earn MORE points to redeem MORE rewards! Awesome! You can now enjoy 6 GB SHAREABLE DATA FOR ALL SITES for 7 days with ALL DATA 99.,C Tap to load preview You have successfully redeemed ALL DATA 99 using 99 GigaPoints. Keep using the Smart App to earn MORE points to redeem MORE rewards! Awesome! You can now enjoy 6 GB SHAREABLE DATA FOR ALL SITES for 7 days with ALL DATA 99.,True,raw_ocr_extracted_text,unsure,ham,telecom,Smart,approved,source_hint=Smart; archive_notes=OCR extracted from screenshot; review rows where screenshot text was partially cropped or low contrast.,drive_export/THESIS/CLEANED/cleaned_dataset.csv,False,False,False,False,False,not_merged,manual_ham_000186,1,,True,embedded_ui_preview_text,UI preview phrase appears inside a longer row; keep for manual review to avoid removing a legitimate SMS,manual_review
manual_ham_000188,"4:02 OM e © F il & € Smart App : with just a tap on the Smart App! Click “Don't Miss Out"" NOW on smrt.ph/SmartApp for MORE SURPRISES! C Tap to load preview You have successfully redeemed ALL DATA 99 using 99 GigaPoints. Keep using the Smart App to earn MORE points to redeem MORE rewards!","4:02 OM e © F il & € Smart App : with just a tap on the Smart App! Click “Don't Miss Out"" NOW on <URL> for MORE SURPRISES! C Tap to load preview You have successfully redeemed ALL DATA 99 using 99 GigaPoints. Keep using the Smart App to earn MORE points to redeem MORE rewards!",True,raw_ocr_extracted_text,unsure,ham,telecom,Smart,approved,source_hint=Smart; archive_notes=OCR extracted from screenshot; review rows where screenshot text was partially cropped or low contrast.,drive_export/THESIS/CLEANED/cleaned_dataset.csv,True,False,False,False,False,not_merged,manual_ham_000188,1,,True,embedded_ui_preview_text,UI preview phrase appears inside a longer row; keep for manual review to avoid removing a legitimate SMS,manual_review
manual_ham_000189,"Get EXCLUSIVE promos every week JUST FOR YOU with just a tap on the Smart App! Click ""Don't Miss Out"" NOW on smrt.ph/SmartApp for MORE SURPRISES! C Tap to load preview","Get EXCLUSIVE promos every week JUST FOR YOU with just a tap on the Smart App! Click ""Don't Miss Out"" NOW on <URL> for MORE SURPRISES! C Tap to load preview",True,raw_ocr_extracted_text,unsure,ham,telecom,Smart,approved,source_hint=Smart; archive_notes=OCR extracted from screenshot; review rows where screenshot text was partially cropped or low contrast.,drive_export/THESIS/CLEANED/cleaned_dataset.csv,True,False,False,False,False,not_merged,manual_ham_000189,1,,True,embedded_ui_preview_text,UI preview phrase appears inside a longer row; keep for manual review to avoid removing a legitimate SMS,manual_review
manual_ham_000273,Tap to load preview,Tap to load preview,True,raw_ocr_extracted_text,unsure,ham,telecom,Unknown,approved,source_hint=Unknown; archive_notes=OCR extracted from screenshot; review rows where screenshot text was partially cropped or low contrast.,drive_export/THESIS/CLEANED/cleaned_dataset.csv,False,False,False,False,False,not_merged,manual_ham_000273,1,,True,ui_preview_artifact,message text is exactly or nearly exactly a phone/app preview UI artifact,remove_artifact
manual_ham_000275,1/2 O7-Feb 21:30: P300 loaded to 09397250664 from XXXXXXXX8660 for 1 year. Ref:BB76BDDJXW. Get MORE with PROMO LOAD in the Smart App! 2/2 Get MORE Load for less with the all NEW PROMO LOAD! Buy P300 and get a total of P333 Load valid for 30 days. Get NOW at smrt.ph/SmartApp C Tap to load preview,1/2 O7-Feb 21:30: P300 loaded to <PHONE> from XXXXXXXX8660 for 1 year. Ref:BB76BDDJXW. Get MORE with PROMO LOAD in the Smart App! 2/2 Get MORE Load for less with the all NEW PROMO LOAD! Buy P300 and get a total of P333 Load valid for 30 days. Get NOW at <URL> C Tap to load preview,True,raw_ocr_extracted_text,unsure,ham,telecom,Smart,approved,source_hint=Smart; archive_notes=OCR extracted from screenshot; review rows where screenshot text was partially cropped or low contrast.,drive_export/THESIS/CLEANED/cleaned_dataset.csv,True,True,False,True,True,not_merged,manual_ham_000275,1,,True,embedded_ui_preview_text,UI preview phrase appears inside a longer row; keep for manual review to avoid removing a legitimate SMS,manual_review
manual_ham_000277,1/2 24-Mar 17:01: P300 loaded to 09397250664 from XXXXXXXXO0245 for 1 year. Ref:BCO6G541J6. Get MORE with PROMO LOAD in the Smart App! 2/2 Get MORE Load for less with the all NEW PROMO LOAD! Buy P300 and get a total of P333 Load valid for 30 days. Get NOW at smrt.ph/SmartApp Cc Tap to load preview,1/2 24-Mar 17:01: P300 loaded to <PHONE> from XXXXXXXXO0245 for 1 year. Ref:BCO6G541J6. Get MORE with PROMO LOAD in the Smart App! 2/2 Get MORE Load for less with the all NEW PROMO LOAD! Buy P300 and get a total of P333 Load valid for 30 days. Get NOW at <URL> Cc Tap to load preview,True,raw_ocr_extracted_text,unsure,ham,telecom,Smart,approved,source_hint=Smart; archive_notes=OCR extracted from screenshot; review rows where screenshot text was partially cropped or low contrast.,drive_export/THESIS/CLEANED/cleaned_dataset.csv,True,True,False,True,True,not_merged,manual_ham_000277,1,,True,embedded_ui_preview_text,UI preview phrase appears inside a longer row; keep for manual review to avoid removing a legitimate SMS,manual_review
manual_ham_000278,2/2 Get MORE Load for less with the all NEW PROMO LOAD! Buy P300 and get a total of P333 Load valid for 30 days. Get NOW at smrt.ph/SmartApp C Tap to load preview 1/2 08-Apr 18:56: P300 loaded to 09397250664 from XXXXXXXX8660 for 1 year. Ref:BD82HOEAOM. Get MORE with PROMO LOAD in the Smart App!,2/2 Get MORE Load for less with the all NEW PROMO LOAD! Buy P300 and get a total of P333 Load valid for 30 days. Get NOW at <URL> C Tap to load preview 1/2 08-Apr 18:56: P300 loaded to <PHONE> from XXXXXXXX8660 for 1 year. Ref:BD82HOEAOM. Get MORE with PROMO LOAD in the Smart App!,True,raw_ocr_extracted_text,unsure,ham,telecom,Smart,approved,source_hint=Smart; archive_notes=OCR extracted from screenshot; review rows where screenshot text was partially cropped or low contrast.,drive_export/THESIS/CLEANED/cleaned_dataset.csv,True,True,False,True,True,not_merged,manual_ham_000278,1,,True,embedded_ui_preview_text,UI preview phrase appears inside a longer row; keep for manual review to avoid removing a legitimate SMS,manual_review
manual_ham_000280,Tap to load preview 1/2 21-Jun 18:55: P300 loaded to 09397250664 from XXXXXXXX7017 for 1 year. Ref:BFL7P3UKFJ. Get MORE with PROMO LOAD in the Smart App!,Tap to load preview 1/2 21-Jun 18:55: P300 loaded to <PHONE> from XXXXXXXX7017 for 1 year. Ref:BFL7P3UKFJ. Get MORE with PROMO LOAD in the Smart App!,True,raw_ocr_extracted_text,unsure,ham,telecom,Smart,approved,source_hint=Smart; archive_notes=OCR extracted from screenshot; review rows where screenshot text was partially cropped or low contrast.,drive_export/THESIS/CLEANED/cleaned_dataset.csv,False,True,False,True,True,not_merged,manual_ham_000280,1,,True,embedded_ui_preview_text,UI preview phrase appears inside a longer row; keep for manual review to avoid removing a legitimate SMS,manual_review
manual_ham_000282,"2/2 Stay always connected! Manage your subscriptions and check out the Smart App for Bigger & Longer Data, No Expiry offers and MORE! smrt.ph/SmartApp C Tap to load preview","2/2 Stay always connected! Manage your subscriptions and check out the Smart App for Bigger & Longer Data, No Expiry offers and MORE! <URL> C Tap to load preview",True,raw_ocr_extracted_text,unsure,ham,telecom,Smart,approved,source_hint=Smart; archive_notes=OCR extracted from screenshot; review rows where screenshot text was partially cropped or low contrast.,drive_export/THESIS/CLEANED/cleaned_dataset.csv,True,False,False,False,False,not_merged,manual_ham_000282,1,,True,embedded_ui_preview_text,UI preview phrase appears inside a longer row; keep for manual review to avoid removing a legitimate SMS,manual_review
manual_ham_000286,Tap to load preview,Tap to load preview,True,raw_ocr_extracted_text,unsure,ham,telecom,Unknown,approved,source_hint=Unknown; archive_notes=OCR extracted from screenshot; review rows where screenshot text was partially cropped or low contrast.,drive_export/THESIS/CLEANED/cleaned_dataset.csv,False,False,False,False,False,not_merged,manual_ham_000286,1,,True,ui_preview_artifact,message text is exactly or nearly exactly a phone/app preview UI artifact,remove_artifact
manual_ham_000288,"1/2 15-Jan 01:12: P300 loaded to 09397250664 from XXXXXXXX1336 for 1 year. Ref:CAFOBL4266. Get MORE with PROMO LOAD in the Smart App! 2/2 Stay always connected! Manage your subscriptions and check out the Smart App for Bigger & Longer Data, No Expiry offers and MORE! smrt.ph/SmartApp C Tap to load preview","1/2 15-Jan 01:12: P300 loaded to <PHONE> from XXXXXXXX1336 for 1 year. Ref:CAFOBL4266. Get MORE with PROMO LOAD in the Smart App! 2/2 Stay always connected! Manage your subscriptions and check out the Smart App for Bigger & Longer Data, No Expiry offers and MORE! <URL> C Tap to load preview",True,raw_ocr_extracted_text,unsure,ham,telecom,Smart,approved,source_hint=Smart; archive_notes=OCR extracted from screenshot; review rows where screenshot text was partially cropped or low contrast.,drive_export/THESIS/CLEANED/cleaned_dataset.csv,True,True,False,True,True,not_merged,manual_ham_000288,1,,True,embedded_ui_preview_text,UI preview phrase appears inside a longer row; keep for manual review to avoid removing a legitimate SMS,manual_review
manual_ham_000290,"1/2 12-Feb 14:29: P300 loaded to 09397250664 from XXXXXXXX1336 for 1 year. Ref:CBC7E6GOLF. Get MORE with PROMO LOAD in the Smart App! 2/2 Stay always connected! Manage your subscriptions and check out the Smart App for Bigger & Longer Data, No Expiry offers and MORE! smrt.oh/SmartApp C Tap to load preview","1/2 12-Feb 14:29: P300 loaded to <PHONE> from XXXXXXXX1336 for 1 year. Ref:CBC7E6GOLF. Get MORE with PROMO LOAD in the Smart App! 2/2 Stay always connected! Manage your subscriptions and check out the Smart App for Bigger & Longer Data, No Expiry offers and MORE! <URL> C Tap to load preview",True,raw_ocr_extracted_text,unsure,ham,telecom,Smart,approved,source_hint=Smart; archive_notes=OCR extracted from screenshot; review rows where screenshot text was partially cropped or low contrast.,drive_export/THESIS/CLEANED/cleaned_dataset.csv,True,True,False,True,True,not_merged,manual_ham_000290,1,,True,embedded_ui_preview_text,UI preview phrase appears inside a longer row; keep for manual review to avoid removing a legitimate SMS,manual_review
manual_ham_000291,"2/2 Stay always connected! Manage your subscriptions and check out the Smart App for Bigger & Longer Data, No Expiry offers and MORE! smrt.oh/SmartApp C Tap to load preview 1/2 03-Mar 13:49: P300 loaded to 09397250664 from XXXXXXXX1336 for 1 year. Ref:CC34FV1IYC6. Get MORE with PROMO LOAD in the Smart App!","2/2 Stay always connected! Manage your subscriptions and check out the Smart App for Bigger & Longer Data, No Expiry offers and MORE! <URL> C Tap to load preview 1/2 03-Mar 13:49: P300 loaded to <PHONE> from XXXXXXXX1336 for 1 year. Ref:CC34FV1IYC6. Get MORE with PROMO LOAD in the Smart App!",True,raw_ocr_extracted_text,unsure,ham,telecom,Smart,approved,source_hint=Smart; archive_notes=OCR extracted from screenshot; review rows where screenshot text was partially cropped or low contrast.,drive_export/THESIS/CLEANED/cleaned_dataset.csv,True,True,False,True,True,not_merged,manual_ham_000291,1,,True,embedded_ui_preview_text,UI preview phrase appears inside a longer row; keep for manual review to avoid removing a legitimate SMS,manual_review
manual_ham_000292,"2/2 Stay always connected! Manage your subscriptions and check out the Smart App for Bigger & Longer Data, No Expiry offers and MORE! smrt.ph/SmartApp C Tap to load preview","2/2 Stay always connected! Manage your subscriptions and check out the Smart App for Bigger & Longer Data, No Expiry offers and MORE! <URL> C Tap to load preview",True,raw_ocr_extracted_text,unsure,ham,telecom,Smart,approved,source_hint=Smart; archive_notes=OCR extracted from screenshot; review rows where screenshot text was partially cropped or low contrast.,drive_export/THESIS/CLEANED/cleaned_dataset.csv,True,False,False,False,False,not_merged,manual_ham_000292,1,,True,embedded_ui_preview_text,UI preview phrase appears inside a longer row; keep for manual review to avoid removing a legitimate SMS,manual_review
manual_ham_000296,Tap to load preview,Tap to load preview,True,raw_ocr_extracted_text,unsure,ham,telecom,Unknown,approved,source_hint=Unknown; archive_notes=OCR extracted from screenshot; review rows where screenshot text was partially cropped or low contrast.,drive_export/THESIS/CLEANED/cleaned_dataset.csv,False,False,False,False,False,not_merged,manual_ham_000296,1,,True,ui_preview_artifact,message text is exactly or nearly exactly a phone/app preview UI artifact,remove_artifact
manual_ham_000298,"1/2 O7-May 10:38: P300 loaded to 09397250664 from XXXXXXXX7438 for 1 year. Ref:CE75LPS10B. Get MORE with PROMO LOAD in the Smart App! 2/2 Stay always connected! Manage your subscriptions and check out the Smart App for Bigger & Longer Data, No Expiry offers and MORE! smrt.ph/SmartApp C Tap to load preview","1/2 O7-May 10:38: P300 loaded to <PHONE> from XXXXXXXX7438 for 1 year. Ref:CE75LPS10B. Get MORE with PROMO LOAD in the Smart App! 2/2 Stay always connected! Manage your subscriptions and check out the Smart App for Bigger & Longer Data, No Expiry offers and MORE! <URL> C Tap to load preview",True,raw_ocr_extracted_text,unsure,ham,telecom,Smart,approved,source_hint=Smart; archive_notes=OCR extracted from screenshot; review rows where screenshot text was partially cropped or low contrast.,drive_export/THESIS/CLEANED/cleaned_dataset.csv,True,True,False,True,True,not_merged,manual_ham_000298,1,,True,embedded_ui_preview_text,UI preview phrase appears inside a longer row; keep for manual review to avoid removing a legitimate SMS,manual_review
manual_ham_000300,"1/2 06-Jun 20:05: P200 loaded to 09397250664 from XXXXXXXX7438 for 1 year. Ref:CF610F4VRP. Get MORE with PROMO LOAD in the Smart App! 2/2 Stay always connected! Manage your subscriptions and check out the Smart App for Bigger & Longer Data, No Expiry offers and MORE! smrt.ph/SmartApp C Tap to load preview","1/2 06-Jun 20:05: P200 loaded to <PHONE> from XXXXXXXX7438 for 1 year. Ref:CF610F4VRP. Get MORE with PROMO LOAD in the Smart App! 2/2 Stay always connected! Manage your subscriptions and check out the Smart App for Bigger & Longer Data, No Expiry offers and MORE! <URL> C Tap to load preview",True,raw_ocr_extracted_text,unsure,ham,telecom,Smart,approved,source_hint=Smart; archive_notes=OCR extracted from screenshot; review rows where screenshot text was partially cropped or low contrast.,drive_export/THESIS/CLEANED/cleaned_dataset.csv,True,True,False,True,True,not_merged,manual_ham_000300,1,,True,embedded_ui_preview_text,UI preview phrase appears inside a longer row; keep for manual review to avoid removing a legitimate SMS,manual_review
manual_ham_000303,Tap to load preview,Tap to load preview,True,raw_ocr_extracted_text,unsure,ham,telecom,Unknown,approved,source_hint=Unknown; archive_notes=OCR extracted from screenshot; review rows where screenshot text was partially cropped or low contrast.,drive_export/THESIS/CLEANED/cleaned_dataset.csv,False,False,False,False,False,not_merged,manual_ham_000303,1,,True,ui_preview_artifact,message text is exactly or nearly exactly a phone/app preview UI artifact,remove_artifact
manual_ham_000305,"1/2 16-Sep 17:51: P300 loaded to 09397250664 from XXXXXXXX7438 for 1 year. Ref:CIG7016RAX. Get MORE with PROMO LOAD in the Smart App! 2/2 Stay always connected! Manage your subscriptions and check out the Smart App for Bigger & Longer Data, No Expiry offers and MORE! smrt.ph/SmartApp C Tap to load preview","1/2 16-Sep 17:51: P300 loaded to <PHONE> from XXXXXXXX7438 for 1 year. Ref:CIG7016RAX. Get MORE with PROMO LOAD in the Smart App! 2/2 Stay always connected! Manage your subscriptions and check out the Smart App for Bigger & Longer Data, No Expiry offers and MORE! <URL> C Tap to load preview",True,raw_ocr_extracted_text,unsure,ham,telecom,Smart,approved,source_hint=Smart; archive_notes=OCR extracted from screenshot; review rows where screenshot text was partially cropped or low contrast.,drive_export/THESIS/CLEANED/cleaned_dataset.csv,True,True,False,True,True,not_merged,manual_ham_000305,1,,True,embedded_ui_preview_text,UI preview phrase appears inside a longer row; keep for manual review to avoid removing a legitimate SMS,manual_review
manual_ham_000307,"1/2 30-Oct 10:38: P300 loaded to 09397250664 from XXXXXXXX7438 for 1 year. Ref:CJU33Q9QFT. Get MORE with PROMO LOAD in the Smart App! 2/2 Stay always connected! Manage your subscriptions and check out the Smart App for Bigger & Longer Data, No Expiry offers and MORE! smrt.ph/SmartApp C Tap to load preview s——_ A Unread ii","1/2 30-Oct 10:38: P300 loaded to <PHONE> from XXXXXXXX7438 for 1 year. Ref:CJU33Q9QFT. Get MORE with PROMO LOAD in the Smart App! 2/2 Stay always connected! Manage your subscriptions and check out the Smart App for Bigger & Longer Data, No Expiry offers and MORE! <URL> C Tap to load preview s——_ A Unread ii",True,raw_ocr_extracted_text,unsure,ham,telecom,Smart,approved,source_hint=Smart; archive_notes=OCR extracted from screenshot; review rows where screenshot text was partially cropped or low contrast.,drive_export/THESIS/CLEANED/cleaned_dataset.csv,True,True,False,True,True,not_merged,manual_ham_000307,1,,True,embedded_ui_preview_text,UI preview phrase appears inside a longer row; keep for manual review to avoid removing a legitimate SMS,manual_review
manual_ham_000309,"2/2 Stay always connected! Manage your subscriptions and check out the Smart App for Bigger & Longer Data, No Expiry offers and MORE! smrt.ph/SmartApp C Tap to load preview 1/2 18-Dec 21:42: P300 loaded to 09397250664 from XXXXXXXX7438 for 1 year. Ref:CLI77Z23RN. Get MORE with PROMO LOAD in the Smart App!","2/2 Stay always connected! Manage your subscriptions and check out the Smart App for Bigger & Longer Data, No Expiry offers and MORE! <URL> C Tap to load preview 1/2 18-Dec 21:42: P300 loaded to <PHONE> from XXXXXXXX7438 for 1 year. Ref:CLI77Z23RN. Get MORE with PROMO LOAD in the Smart App!",True,raw_ocr_extracted_text,unsure,ham,telecom,Smart,approved,source_hint=Smart; archive_notes=OCR extracted from screenshot; review rows where screenshot text was partially cropped or low contrast.,drive_export/THESIS/CLEANED/cleaned_dataset.csv,True,True,False,True,True,not_merged,manual_ham_000309,1,,True,embedded_ui_preview_text,UI preview phrase appears inside a longer row; keep for manual review to avoid removing a legitimate SMS,manual_review
manual_ham_000311,"1/2 14-Jan 16:42: P300 loaded to 09397250664 from XXXXXXXX7438 for 1 year. Ref:DAE3A6ZSD1. Get MORE with PROMO LOAD in the Smart App! 2/2 Stay always connected! Manage your subscriptions and check out the Smart App for Bigger & Longer Data, No Expiry offers and MORE! smrt.ph/SmartApp C Tap to load preview","1/2 14-Jan 16:42: P300 loaded to <PHONE> from XXXXXXXX7438 for 1 year. Ref:DAE3A6ZSD1. Get MORE with PROMO LOAD in the Smart App! 2/2 Stay always connected! Manage your subscriptions and check out the Smart App for Bigger & Longer Data, No Expiry offers and MORE! <URL> C Tap to load preview",True,raw_ocr_extracted_text,unsure,ham,telecom,Smart,approved,source_hint=Smart; archive_notes=OCR extracted from screenshot; review rows where screenshot text was partially cropped or low contrast.,drive_export/THESIS/CLEANED/cleaned_dataset.csv,True,True,False,True,True,not_merged,manual_ham_000311,1,,True,embedded_ui_preview_text,UI preview phrase appears inside a longer row; keep for manual review to avoid removing a legitimate SMS,manual_review
manual_ham_000314,Tap to load preview,Tap to load preview,True,raw_ocr_extracted_text,unsure,ham,telecom,Unknown,approved,source_hint=Unknown; archive_notes=OCR extracted from screenshot; review rows where screenshot text was partially cropped or low contrast.,drive_export/THESIS/CLEANED/cleaned_dataset.csv,False,False,False,False,False,not_merged,manual_ham_000314,1,,True,ui_preview_artifact,message text is exactly or nearly exactly a phone/app preview UI artifact,remove_artifact
