epoch,train_loss,val_loss,train_recall_smishing,train_f1_smishing,val_recall_smishing,val_f1_smishing
1,0.621747718141654,0.5329335331916809,0.9474254742547426,0.8302066017573023,0.9216182048040455,0.8312428734321551
2,0.4997752645151402,0.45460277795791626,0.9005420054200542,0.8183721216598941,0.8786346396965866,0.8239478363959691
3,0.44245713170627915,0.4128481149673462,0.9037940379403794,0.8255972273796262,0.8862199747155499,0.8320474777448071
4,0.40749363656935655,0.38355565071105957,0.9149051490514906,0.8350234974029186,0.8988621997471555,0.8414201183431953
5,0.3810712357685172,0.36180466413497925,0.9116531165311653,0.8425798371947402,0.8975979772439949,0.8497905445840814
6,0.35963280052350466,0.34201642870903015,0.9295392953929539,0.8533399676576688,0.911504424778761,0.8583333333333333
7,0.3412573364692006,0.3293309211730957,0.9021680216802168,0.8708960104643558,0.8824273072060683,0.8692403486924035
8,0.3262574256112582,0.3131448030471802,0.9373983739837398,0.8761398176291794,0.9203539823008849,0.875
9,0.3128620730506049,0.3013201355934143,0.9279132791327913,0.8862430438721367,0.9127686472819216,0.8869778869778869
10,0.30074969746556063,0.29196420311927795,0.9170731707317074,0.8874901652242329,0.900126422250316,0.8888888888888888
11,0.29158752079255534,0.28182515501976013,0.9355013550135501,0.8919896640826873,0.9203539823008849,0.896551724137931
12,0.28112290882805824,0.27370449900627136,0.9314363143631437,0.8965697143602452,0.9165613147914032,0.8983890954151177
13,0.27371655686437923,0.2665286958217621,0.9257452574525745,0.8998946259220232,0.9077117572692794,0.8980612883051907
14,0.26502009668970494,0.25953900814056396,0.9314363143631437,0.9029292000525417,0.9152970922882427,0.9016189290161893
15,0.25833633118851723,0.2536777853965759,0.9273712737127371,0.9072110286320254,0.9064475347661188,0.9018867924528302
16,0.251771447151334,0.25068405270576477,0.9105691056910569,0.9113100081366965,0.900126422250316,0.909323116219668
17,0.24629629175998977,0.24358385801315308,0.9208672086720867,0.9144241119483315,0.9039190897597977,0.9079365079365079
18,0.2401918541448226,0.2388327270746231,0.9195121951219513,0.9162840939778558,0.9064475347661188,0.913375796178344
19,0.23519458261931814,0.23296977579593658,0.9287262872628727,0.9168004280363831,0.9178255372945638,0.9137822529893015
20,0.23022023119577548,0.2290578931570053,0.9249322493224932,0.9195742961066954,0.9127686472819216,0.9174078780177891
21,0.2259602706606795,0.22587302327156067,0.9211382113821138,0.9201407688142934,0.9102402022756005,0.9207161125319693
22,0.2219746459305771,0.22285309433937073,0.9186991869918699,0.9216965742251223,0.9064475347661188,0.9210019267822736
23,0.21807176770395056,0.21747000515460968,0.9284552845528455,0.9238236483753539,0.9203539823008849,0.9256198347107438
24,0.21378041470276954,0.21411539614200592,0.9289972899728998,0.9248617293943073,0.9216182048040455,0.928071292170592
25,0.21020572040139174,0.21105548739433289,0.9276422764227642,0.9252601702932829,0.9216182048040455,0.928071292170592
26,0.20703789637825354,0.20742470026016235,0.9322493224932249,0.9269738614928591,0.9266750948166877,0.9296131896005073
27,0.20374341491599715,0.20566582679748535,0.9243902439024391,0.9272801413619682,0.9165613147914032,0.928891736066624
28,0.20060336374170412,0.20232485234737396,0.92710027100271,0.9284841905278871,0.922882427307206,0.9311224489795918
29,0.1976069717307078,0.1987648457288742,0.9387533875338754,0.929309188464118,0.9355246523388117,0.9337539432176656
30,0.1947180630957208,0.19793368875980377,0.9243902439024391,0.9305688173509753,0.9178255372945638,0.9319640564826701
31,0.19231873295979124,0.19561447203159332,0.9252032520325203,0.9321501706484642,0.9203539823008849,0.9339320076972418
32,0.18937490559044245,0.19140689074993134,0.9376693766937669,0.9337471326406693,0.934260429835651,0.9354430379746835
33,0.187052979055782,0.1891939640045166,0.9346883468834688,0.9344351124356542,0.9329962073324906,0.9377382465057179
34,0.18450162330778633,0.18679772317409515,0.9390243902439024,0.9357277882797732,0.9355246523388117,0.9390862944162437
35,0.18203824936212887,0.18593940138816833,0.9289972899728998,0.9354618638286261,0.9266750948166877,0.9361430395913155
36,0.1802418486697241,0.18346184492111206,0.9314363143631437,0.936639869191988,0.9292035398230089,0.9375
37,0.17802658080247036,0.18103694915771484,0.9501355013550136,0.9364316239316239,0.943109987357775,0.9383647798742139
38,0.17700515996796007,0.18381084501743317,0.9203252032520325,0.936698386429458,0.911504424778761,0.9333333333333333
39,0.17466482106586137,0.17686344683170319,0.9409214092140922,0.9396481732070365,0.9367888748419722,0.9403553299492385
40,0.17207157261326383,0.17518027126789093,0.9406504065040651,0.9406504065040651,0.9380530973451328,0.9410272669625872
41,0.17019060633692962,0.17327718436717987,0.9468834688346883,0.9406380401130704,0.9418457648546145,0.9418457648546145
42,0.16828901244372857,0.17161352932453156,0.9441734417344173,0.9417488849844574,0.9405815423514539,0.9411764705882353
43,0.16638499998303286,0.16996318101882935,0.9501355013550136,0.942093241972323,0.943109987357775,0.9425142135186355
44,0.16474376477523225,0.16856272518634796,0.9420054200542005,0.9432835820895522,0.9380530973451328,0.9404309252217997
45,0.1633577514389343,0.16792619228363037,0.9376693766937669,0.9434219495569189,0.9329962073324906,0.9407265774378585
46,0.16161899410773745,0.16523663699626923,0.9466124661246612,0.9445646295294754,0.943109987357775,0.9425142135186355
47,0.1599321531086433,0.16393634676933289,0.9444444444444444,0.9454693434617472,0.9393173198482933,0.9428934010152284
48,0.15829371632680014,0.16242563724517822,0.9455284552845529,0.9455284552845529,0.9418457648546145,0.9424414927261227
49,0.1571317832805923,0.16202658414840698,0.940379403794038,0.9457617879531207,0.934260429835651,0.9426020408163265
50,0.15586522529280283,0.15966661274433136,0.9463414634146341,0.9464697113430004,0.9418457648546145,0.9436352121595947
51,0.15434560471272404,0.15831196308135986,0.9460704607046071,0.9467118644067797,0.9418457648546145,0.9436352121595947
52,0.15268160725835217,0.15770100057125092,0.9425474254742547,0.9466521502449646,0.9405815423514539,0.9453621346886912
53,0.15136324844870788,0.15577805042266846,0.9517615176151761,0.9476524554776039,0.9456384323640961,0.9444444444444444
54,0.1502933920883551,0.15516133606433868,0.9433604336043361,0.9473397741189278,0.9405815423514539,0.9459631277813096
55,0.1488169327095595,0.15412048995494843,0.943089430894309,0.9478414816832358,0.9393173198482933,0.9458943348185869
56,0.14763853804367344,0.152287557721138,0.9460704607046071,0.9481260184682238,0.9418457648546145,0.946031746031746
57,0.14655516059579565,0.15093107521533966,0.9501355013550136,0.9487214179407387,0.9456384323640961,0.9456384323640961
58,0.1455736616924203,0.15107181668281555,0.943089430894309,0.9495225102319236,0.9355246523388117,0.9438775510204082
59,0.14450683718935908,0.14873087406158447,0.9528455284552846,0.9493722154718509,0.9506953223767383,0.9482976040353089
60,0.14372287317504728,0.14769303798675537,0.9498644986449865,0.9502507794496408,0.9456384323640961,0.9480354879594424
