id,source_name,dataset_name,message_clean,label,review_status,scam_category,language,duplicate_status,reviewer_notes
imc25_english_smish_00741,Smishing-Dataset-IMC25,reportsmishing/Smishing-Dataset-IMC25,<NAMED_ENTITY> is doing her biggest giveaway! Voucher#<US_DRIVER_LICENSE>,smishing,needs_review,spam,English,unique,"Imported from IMC25 English-only smishing corpus. Lure principles: herd,need and greed. Named entity tag: oprah. | round1_source_triage 2026-05-07: needs_review; IMC25 row lacks a clear phishing action, URL, contact hook, or account-risk lure. confidence=medium"
imc25_english_smish_07802,Smishing-Dataset-IMC25,reportsmishing/Smishing-Dataset-IMC25,Article No:IT145971105IN received @ New Delhi NSH,smishing,needs_review,delivery,English,unique,"Imported from IMC25 English-only smishing corpus. | round1_source_triage 2026-05-07: needs_review; IMC25 row lacks a clear phishing action, URL, contact hook, or account-risk lure. confidence=medium"
imc25_english_smish_03381,Smishing-Dataset-IMC25,reportsmishing/Smishing-Dataset-IMC25,Dear Customer Your Request could not be processed please get in touch with your nearest KMBL Branch or call our <DATE_TIME> Call Center for more information.-KOTAK BANK As per your request your mobile number has been changed for CRN <NAMED_ENTITY> from to <US_BANK_NUMBER> Your preferred mobile no is <PHONE_NUMBER>-Kotak Bank,smishing,needs_review,banking,English,unique,"Imported from IMC25 English-only smishing corpus. Lure principles: authority,time/urgency. Named entity tag: Kotak Mahindra Bank. | round1_source_triage 2026-05-07: needs_review; IMC25 row is too short, too long, or fragmentary for direct approval. confidence=medium"
imc25_english_smish_04617,Smishing-Dataset-IMC25,reportsmishing/Smishing-Dataset-IMC25,Your <NAMED_ENTITY> has been locked. We have locked your <LOCATION> because our service has detected two unauthorized devices. For unlock your account you must verify your <NAMED_ENTITY> in order to prove that it was your account. Click the link below to unlock your <NAMED_ENTITY> <URL> <NAMED_ENTITY> will be automatically unlock after finishing the account verification as soon as possible.,smishing,needs_review,banking,English,unique,"Imported from IMC25 English-only smishing corpus. Lure principles: authority,distraction,time/urgency. Named entity tag: venmo. | round1_source_triage 2026-05-07: needs_review; IMC25 row is too short, too long, or fragmentary for direct approval. confidence=medium"
imc25_english_smish_05559,Smishing-Dataset-IMC25,reportsmishing/Smishing-Dataset-IMC25,Dear SBI Account User Your Account has been blocked <DATE_TIME> please update PAN card again Update Online Processing Self Verify here,smishing,needs_review,banking,English,near_duplicate,"Imported from IMC25 English-only smishing corpus. Lure principles: authority,time/urgency. Named entity tag: State Bank of India. | round1_source_triage 2026-05-07: needs_review; Likely near-duplicate/campaign repetition; representative approved first. confidence=high"
imc25_english_smish_07639,Smishing-Dataset-IMC25,reportsmishing/Smishing-Dataset-IMC25,Dear Customer Your SBI Netbanking Account will be Suspended by <DATE_TIME>. please Update your PANCARD now <LOCATION>,smishing,needs_review,banking,English,near_duplicate,"Imported from IMC25 English-only smishing corpus. Lure principles: authority,time/urgency. Named entity tag: State Bank of India. | round1_source_triage 2026-05-07: needs_review; Likely near-duplicate/campaign repetition; representative approved first. confidence=high"
imc25_english_smish_01875,Smishing-Dataset-IMC25,reportsmishing/Smishing-Dataset-IMC25,Wanna netflix and chill? Don't weather the storm <DATE_TIME> alone. Download The Right Stuff now!,smishing,needs_review,spam,English,unique,"Imported from IMC25 English-only smishing corpus. Lure principles: need and greed. | round1_source_triage 2026-05-07: needs_review; IMC25 row lacks a clear phishing action, URL, contact hook, or account-risk lure. confidence=medium"
imc25_english_smish_04193,Smishing-Dataset-IMC25,reportsmishing/Smishing-Dataset-IMC25,Dear consumer your electricity will disconnect at <DATE_TIME> Because your previous bill was not update. Immediately contact electricity Officer <NAMED_ENTITY>,smishing,needs_review,others,English,unique,"Imported from IMC25 English-only smishing corpus. Lure principles: authority,time/urgency. Named entity tag: electricity. | round1_source_triage 2026-05-07: needs_review; IMC25 row lacks a clear phishing action, URL, contact hook, or account-risk lure. confidence=medium"
imc25_english_smish_02336,Smishing-Dataset-IMC25,reportsmishing/Smishing-Dataset-IMC25,dear user your sbi yono account will close <DATE_TIME> click here on the link update your pan card number,smishing,needs_review,banking,English,near_duplicate,"Imported from IMC25 English-only smishing corpus. Lure principles: authority,time/urgency. Named entity tag: State Bank of India. | round1_source_triage 2026-05-07: needs_review; Likely near-duplicate/campaign repetition; representative approved first. confidence=high"
imc25_english_smish_08082,Smishing-Dataset-IMC25,reportsmishing/Smishing-Dataset-IMC25,Your refund of 265.84GBP is pending to proceed please follow our secure link below. Your bank may require extra verification.,smishing,needs_review,banking,English,unique,"Imported from IMC25 English-only smishing corpus. Lure principles: authority,need and greed,time/urgency. | round1_source_triage 2026-05-07: needs_review; IMC25 row lacks a clear phishing action, URL, contact hook, or account-risk lure. confidence=medium"
imc25_english_smish_04534,Smishing-Dataset-IMC25,reportsmishing/Smishing-Dataset-IMC25,EVRI: Your order (<NRP>) was brought back to our depot. In order to get your item re-shipped visit:,smishing,needs_review,delivery,English,unique,"Imported from IMC25 English-only smishing corpus. Lure principles: authority,time/urgency. Named entity tag: evri. | round1_source_triage 2026-05-07: needs_review; IMC25 row lacks a clear phishing action, URL, contact hook, or account-risk lure. confidence=medium"
imc25_english_smish_00875,Smishing-Dataset-IMC25,reportsmishing/Smishing-Dataset-IMC25,Your SSN has been blocked due to recent activities. Unblock your account using the link,smishing,needs_review,government,English,unique,"Imported from IMC25 English-only smishing corpus. Lure principles: authority,time/urgency. | round1_source_triage 2026-05-07: needs_review; IMC25 row lacks a clear phishing action, URL, contact hook, or account-risk lure. confidence=medium"
imc25_english_smish_00551,Smishing-Dataset-IMC25,reportsmishing/Smishing-Dataset-IMC25,"We're thankful for YOU! To show our gratitude, The Joint Chiropractic is offering pain relief and prevention made easy. BUY <DATE_TIME>, GET <DATE_TIME> Let's get back to health <DATE_TIME>! For more information, visit <DATE_TIME> or a location near you. Reply STOP to quit THE SAVINGS ARE COMING IN HOT! Treat yourself to 2 FREE MONTHS of care at The Joint Chiropractic! Yes, you heard us right! Take control and get back to health <DATE_TIME>! The sales won't last forever, so visit <URL> to claim yours before it's too late! Reply STOP to quit",smishing,needs_review,spam,English,unique,"Imported from IMC25 English-only smishing corpus. Lure principles: need and greed,time/urgency. Named entity tag: the joint chiropractic. | round1_source_triage 2026-05-07: needs_review; IMC25 row is too short, too long, or fragmentary for direct approval. confidence=medium"
imc25_english_smish_02829,Smishing-Dataset-IMC25,reportsmishing/Smishing-Dataset-IMC25,DearEmployees You are selected join our company and wage is <OTP> RS.,smishing,needs_review,others,English,unique,"Imported from IMC25 English-only smishing corpus. Lure principles: need and greed. Named entity tag: straive corporate. | round1_source_triage 2026-05-07: needs_review; IMC25 row lacks a clear phishing action, URL, contact hook, or account-risk lure. confidence=medium"
imc25_english_smish_02570,Smishing-Dataset-IMC25,reportsmishing/Smishing-Dataset-IMC25,Dear HDFC user your HDFC Netbanking will be Block Today. Please click on the link and update your PAN-card no. imme-diately <URL> HDFC team,smishing,needs_review,banking,English,near_duplicate,"Imported from IMC25 English-only smishing corpus. Lure principles: authority,time/urgency. Named entity tag: HDFC Bank. | round1_source_triage 2026-05-07: needs_review; Likely near-duplicate/campaign repetition; representative approved first. confidence=high"
imc25_english_smish_05248,Smishing-Dataset-IMC25,reportsmishing/Smishing-Dataset-IMC25,Dear HDFC Customer Your HDFC Net BANKING will be Suspended. <DATE_TIME> please Update Your PAN CARD Now visit below the <URL> Thank you.,smishing,needs_review,banking,English,near_duplicate,"Imported from IMC25 English-only smishing corpus. Lure principles: authority,time/urgency. Named entity tag: HDFC Bank. | round1_source_triage 2026-05-07: needs_review; Likely near-duplicate/campaign repetition; representative approved first. confidence=high"
imc25_english_smish_00435,Smishing-Dataset-IMC25,reportsmishing/Smishing-Dataset-IMC25,hello can you speak mandarin?,smishing,needs_review,wrong number,English,unique,Imported from IMC25 English-only smishing corpus. | round1_source_triage 2026-05-07: needs_review; IMC25 wrong-number lure lacks a clear phishing action in the message text. confidence=medium
imc25_english_smish_07839,Smishing-Dataset-IMC25,reportsmishing/Smishing-Dataset-IMC25,Dear SBI user\nYour YONO Account will be blocked <DATE_TIME>. Please click on the link to update your PAN CARD Number <URL> SBI Team,smishing,needs_review,banking,English,near_duplicate,"Imported from IMC25 English-only smishing corpus. Lure principles: authority,time/urgency. Named entity tag: State Bank of India. | round1_source_triage 2026-05-07: needs_review; Likely near-duplicate/campaign repetition; representative approved first. confidence=high"
imc25_english_smish_06675,Smishing-Dataset-IMC25,reportsmishing/Smishing-Dataset-IMC25,Dear BOI Customer please ensure your PPS mandate for cheque of value Rs.5 Lakh and above was submitted by <DATE_TIME> for realizing the same on next clearing session if otherwise is in order. For details plz contact nearest branch or visit our website.,smishing,needs_review,banking,English,unique,"Imported from IMC25 English-only smishing corpus. Lure principles: authority,time/urgency. Named entity tag: Bank of India. | round1_source_triage 2026-05-07: needs_review; IMC25 row lacks a clear phishing action, URL, contact hook, or account-risk lure. confidence=medium"
imc25_english_smish_02893,Smishing-Dataset-IMC25,reportsmishing/Smishing-Dataset-IMC25,DEADLINE-ObomaCare is nearing the End of Approval stage. Call - <UK_NHS> Please,smishing,needs_review,government,English,unique,"Imported from IMC25 English-only smishing corpus. Lure principles: authority,time/urgency. Named entity tag: obomacare. | round1_source_triage 2026-05-07: needs_review; IMC25 row lacks a clear phishing action, URL, contact hook, or account-risk lure. confidence=medium"
imc25_english_smish_08178,Smishing-Dataset-IMC25,reportsmishing/Smishing-Dataset-IMC25,Your **** Online-Account has been locked due to failed login attempts. Tap on <URL> to reinstate and update your profile. Ref: <OTP>,smishing,needs_review,banking,English,near_duplicate,"Imported from IMC25 English-only smishing corpus. Lure principles: distraction,time/urgency. | round1_source_triage 2026-05-07: needs_review; Likely near-duplicate/campaign repetition; representative approved first. confidence=high"
imc25_english_smish_07121,Smishing-Dataset-IMC25,reportsmishing/Smishing-Dataset-IMC25,LINKT: As of <DATE_TIME> you recently defaulted on your road toll bill of $5.93. To avoid being blacklisted please handle.,smishing,needs_review,others,English,unique,"Imported from IMC25 English-only smishing corpus. Lure principles: authority,time/urgency. Named entity tag: linkt. | round1_source_triage 2026-05-07: needs_review; IMC25 row lacks a clear phishing action, URL, contact hook, or account-risk lure. confidence=medium"
imc25_english_smish_07122,Smishing-Dataset-IMC25,reportsmishing/Smishing-Dataset-IMC25,We empathized with you for any inconvenience this may have caused. Kindly assist with the first eight and last four digit on the debit card used for this transaction in this format - <US_BANK_NUMBER>-<OTP>. Thank you.,smishing,needs_review,banking,English,unique,"Imported from IMC25 English-only smishing corpus. Lure principles: authority,need and greed. | round1_source_triage 2026-05-07: needs_review; IMC25 row lacks a clear phishing action, URL, contact hook, or account-risk lure. confidence=medium"
imc25_english_smish_05164,Smishing-Dataset-IMC25,reportsmishing/Smishing-Dataset-IMC25,Hello. Good Afternoon. My name is <NAMED_ENTITY>. I am from #AJ marketing (<URL>) I just want to inform you that we are a company that is helping the business owner's to promote their social media platform on Youtube. Simple and easy <DATE_TIME> and you get Rm 10 do you want to try? If you do daily you can earn RM. 300-500 per day.,smishing,needs_review,spam,English,unique,"Imported from IMC25 English-only smishing corpus. Lure principles: need and greed. Named entity tag: aj marketing. | round1_source_triage 2026-05-07: needs_review; IMC25 row is too short, too long, or fragmentary for direct approval. confidence=medium"
imc25_english_smish_07806,Smishing-Dataset-IMC25,reportsmishing/Smishing-Dataset-IMC25,Dear Customer Your HDFC Netbanking A/C will be blocked <LOCATION>,smishing,needs_review,banking,English,unique,"Imported from IMC25 English-only smishing corpus. Lure principles: authority,time/urgency. Named entity tag: HDFC Bank. | round1_source_triage 2026-05-07: needs_review; IMC25 row lacks a clear phishing action, URL, contact hook, or account-risk lure. confidence=medium"
imc25_english_smish_06510,Smishing-Dataset-IMC25,reportsmishing/Smishing-Dataset-IMC25,Wallet sign-in notification: Your wallet has been accessed and linked to KuCoin exchange. Please review the details below to confirm it was you; follow the link to secure your wallet: <URL>,smishing,needs_review,others,English,near_duplicate,"Imported from IMC25 English-only smishing corpus. Lure principles: authority,time/urgency. Named entity tag: kucoin. | round1_source_triage 2026-05-07: needs_review; Likely near-duplicate/campaign repetition; representative approved first. confidence=high"
imc25_english_smish_00804,Smishing-Dataset-IMC25,reportsmishing/Smishing-Dataset-IMC25,"Hello, invite you to enter BTC discussion group and earn 5K-50K every day. Reply 1 and enter the link. ↓↓↓",smishing,needs_review,spam,English,unique,"Imported from IMC25 English-only smishing corpus. Lure principles: need and greed. | round1_source_triage 2026-05-07: needs_review; IMC25 row lacks a clear phishing action, URL, contact hook, or account-risk lure. confidence=medium"
imc25_english_smish_01129,Smishing-Dataset-IMC25,reportsmishing/Smishing-Dataset-IMC25,"Hello , I no longer have to check my blood pressure or glucose levels after using these revolutionary CBD Gummies. I got these Gummies from the Judges on Shark Tank and I have reversed my Type-2 for good. Get your own exclusive Free Bottles Here >",smishing,needs_review,spam,English,unique,"Imported from IMC25 English-only smishing corpus. Lure principles: authority,need and greed. Named entity tag: shark tank. | round1_source_triage 2026-05-07: needs_review; IMC25 row lacks a clear phishing action, URL, contact hook, or account-risk lure. confidence=medium"
imc25_english_smish_08155,Smishing-Dataset-IMC25,reportsmishing/Smishing-Dataset-IMC25,"Commbank: Your account was locked and requires additional verification. Personal banking including accounts, credit cards and home loans - CommBank",smishing,needs_review,banking,English,unique,"Imported from IMC25 English-only smishing corpus. Lure principles: authority,time/urgency. Named entity tag: commbank. | round1_source_triage 2026-05-07: needs_review; IMC25 row lacks a clear phishing action, URL, contact hook, or account-risk lure. confidence=medium"
imc25_english_smish_04305,Smishing-Dataset-IMC25,reportsmishing/Smishing-Dataset-IMC25,USPS: The carrier was unable to deliver your order because the shipping information is missing a house number. Check please.,smishing,needs_review,delivery,English,unique,"Imported from IMC25 English-only smishing corpus. Lure principles: authority,time/urgency. Named entity tag: USPS. | round1_source_triage 2026-05-07: needs_review; IMC25 row lacks a clear phishing action, URL, contact hook, or account-risk lure. confidence=medium"
imc25_english_smish_02801,Smishing-Dataset-IMC25,reportsmishing/Smishing-Dataset-IMC25,Dear valued customer. Please ignore our message requesting you to enable Data Roaming – you will automatically benefit from recent network enhancements.,smishing,needs_review,telecom,English,unique,"Imported from IMC25 English-only smishing corpus. Lure principles: authority. Named entity tag: unknown. | round1_source_triage 2026-05-07: needs_review; IMC25 row lacks a clear phishing action, URL, contact hook, or account-risk lure. confidence=medium"
imc25_english_smish_04052,Smishing-Dataset-IMC25,reportsmishing/Smishing-Dataset-IMC25,Your amazon package is ready for delivery. Please follow this link to set your delivery preferences:,smishing,needs_review,delivery,English,unique,"Imported from IMC25 English-only smishing corpus. Lure principles: authority. Named entity tag: Amazon. | round1_source_triage 2026-05-07: needs_review; IMC25 row lacks a clear phishing action, URL, contact hook, or account-risk lure. confidence=medium"
imc25_english_smish_05396,Smishing-Dataset-IMC25,reportsmishing/Smishing-Dataset-IMC25,Dear SBI Customer Your SBI YONO Account has been Suspended <DATE_TIME> please Update Your PAN Card number Click here link <URL> THANKS YOU SBI,smishing,needs_review,banking,English,near_duplicate,"Imported from IMC25 English-only smishing corpus. Lure principles: authority,time/urgency. Named entity tag: State Bank of India. | round1_source_triage 2026-05-07: needs_review; Likely near-duplicate/campaign repetition; representative approved first. confidence=high"
imc25_english_smish_01844,Smishing-Dataset-IMC25,reportsmishing/Smishing-Dataset-IMC25,"USPostal: Your package has arrived at the transit center, but we are unable to continue delivery due to missing street address information.",smishing,needs_review,delivery,English,unique,"Imported from IMC25 English-only smishing corpus. Lure principles: authority,time/urgency. Named entity tag: uspostal. | round1_source_triage 2026-05-07: needs_review; IMC25 row lacks a clear phishing action, URL, contact hook, or account-risk lure. confidence=medium"
imc25_english_smish_00423,Smishing-Dataset-IMC25,reportsmishing/Smishing-Dataset-IMC25,(Nutritshop Rancho Penasquitos) (<DATE_TIME>) Are you ready to challenge yourself? Come join us in our last transformation challenge of the <DATE_TIME>! Male & Female winners get $500 cash! Weigh-ins/Sign ups start <DATE_TIME> from <DATE_TIME>! Free entry fee with purchase of any 3-item stack! Come by the shop for more info or fill out this google form! <URL> See you soon 😉 STOP to end,smishing,needs_review,spam,English,unique,"Imported from IMC25 English-only smishing corpus. Lure principles: need and greed,time/urgency. Named entity tag: nutritshop rancho penasquitos. | round1_source_triage 2026-05-07: needs_review; IMC25 row is too short, too long, or fragmentary for direct approval. confidence=medium"
imc25_english_smish_03204,Smishing-Dataset-IMC25,reportsmishing/Smishing-Dataset-IMC25,-MY LINKT-: You still owe money for one toll travel as long as your e-Tag goes unrecognized. Review the bill and pay it right away.,smishing,needs_review,others,English,unique,"Imported from IMC25 English-only smishing corpus. Lure principles: authority,time/urgency. Named entity tag: linkt. | round1_source_triage 2026-05-07: needs_review; IMC25 row lacks a clear phishing action, URL, contact hook, or account-risk lure. confidence=medium"
imc25_english_smish_08202,Smishing-Dataset-IMC25,reportsmishing/Smishing-Dataset-IMC25,Your NAB account has been blocked for unusual activity . Please log on to: <URL> and follow the unlock procedure . NAB,smishing,needs_review,banking,English,near_duplicate,"Imported from IMC25 English-only smishing corpus. Lure principles: authority,time/urgency. Named entity tag: nab. | round1_source_triage 2026-05-07: needs_review; Likely near-duplicate/campaign repetition; representative approved first. confidence=high"
imc25_english_smish_03795,Smishing-Dataset-IMC25,reportsmishing/Smishing-Dataset-IMC25,Your movements have been monitored through your phone and you have broken current rules. You have been fined the sum of £50.00 Click on the link below to pay this now. Failure to pay within <DATE_TIME> will result in an increase in your fine.,smishing,needs_review,others,English,unique,"Imported from IMC25 English-only smishing corpus. Lure principles: authority,time/urgency. | round1_source_triage 2026-05-07: needs_review; IMC25 row lacks a clear phishing action, URL, contact hook, or account-risk lure. confidence=medium"
imc25_english_smish_05584,Smishing-Dataset-IMC25,reportsmishing/Smishing-Dataset-IMC25,Dear SBI Customer Your SBI Y0N0 Account has been Suspended <DATE_TIME> please Update Your PAN Card number Click here <URL> THANK YOU SBI,smishing,needs_review,banking,English,near_duplicate,"Imported from IMC25 English-only smishing corpus. Lure principles: authority,time/urgency. Named entity tag: State Bank of India. | round1_source_triage 2026-05-07: needs_review; Likely near-duplicate/campaign repetition; representative approved first. confidence=high"
imc25_english_smish_02346,Smishing-Dataset-IMC25,reportsmishing/Smishing-Dataset-IMC25,Nice to meet you. I am HR <NAMED_ENTITY> from Foundit. Do you want to EARN 150-<OTP> rupees per day? All you have to do is LIKE the YouTube videos and send us screenshots. We pay 150 rupees for each task and can EARN up to <OTP> rupees a day. You can get your salary immediately after doing the task. Reply YES if interested,smishing,needs_review,spam,English,unique,"Imported from IMC25 English-only smishing corpus. Lure principles: need and greed. Named entity tag: foundit. | round1_source_triage 2026-05-07: needs_review; IMC25 row is too short, too long, or fragmentary for direct approval. confidence=medium"
imc25_english_smish_07875,Smishing-Dataset-IMC25,reportsmishing/Smishing-Dataset-IMC25,Dear Customer Your Electricity Power will be disconnected...,smishing,needs_review,others,English,unique,"Imported from IMC25 English-only smishing corpus. Lure principles: authority,time/urgency. | round1_source_triage 2026-05-07: needs_review; IMC25 row lacks a clear phishing action, URL, contact hook, or account-risk lure. confidence=medium"
imc25_english_smish_05049,Smishing-Dataset-IMC25,reportsmishing/Smishing-Dataset-IMC25,Loan Number: <DATE_TIME> Loan Amount: <US_DRIVER_LICENSE> <DATE_TIME> EMI Amount: <OTP> First EMI Date: <DATE_TIME>: <DATE_TIME> Last EMI cleared: Total installments paid: 0 Balance Tenure: If EMI debited on your due date then the amount will be updated in your loan account in <DATE_TIME>. To know the outstanding balance of your loan account visit branch,smishing,needs_review,banking,English,unique,"Imported from IMC25 English-only smishing corpus. Lure principles: authority,time/urgency. | round1_source_triage 2026-05-07: needs_review; IMC25 row is too short, too long, or fragmentary for direct approval. confidence=medium"
imc25_english_smish_02236,Smishing-Dataset-IMC25,reportsmishing/Smishing-Dataset-IMC25,<DATE_TIME> mojo,smishing,needs_review,spam,English,unique,"Imported from IMC25 English-only smishing corpus. | round1_source_triage 2026-05-07: needs_review; IMC25 row lacks a clear phishing action, URL, contact hook, or account-risk lure. confidence=medium"
imc25_english_smish_07472,Smishing-Dataset-IMC25,reportsmishing/Smishing-Dataset-IMC25,<DATE_TIME> deleted from Microsoft account Sa**a@ou**.com. Not you?,smishing,needs_review,others,English,unique,"Imported from IMC25 English-only smishing corpus. Lure principles: authority,time/urgency. Named entity tag: microsoft. | round1_source_triage 2026-05-07: needs_review; IMC25 row lacks a clear phishing action, URL, contact hook, or account-risk lure. confidence=medium"
imc25_english_smish_00569,Smishing-Dataset-IMC25,reportsmishing/Smishing-Dataset-IMC25,<DATE_TIME> For $100 Gift From Home Depot,smishing,needs_review,spam,English,unique,"Imported from IMC25 English-only smishing corpus. Lure principles: need and greed,time/urgency. Named entity tag: home depot. | round1_source_triage 2026-05-07: needs_review; IMC25 row lacks a clear phishing action, URL, contact hook, or account-risk lure. confidence=medium"
imc25_english_smish_05995,Smishing-Dataset-IMC25,reportsmishing/Smishing-Dataset-IMC25,Hi Madam/Sir you will receive a free random bonus of 8 to 188💰. Please send a message to the following account to claim it!❤️❤️,smishing,needs_review,spam,English,near_duplicate,Imported from IMC25 English-only smishing corpus. Lure principles: need and greed. | round1_source_triage 2026-05-07: needs_review; Likely near-duplicate/campaign repetition; representative approved first. confidence=high
imc25_english_smish_06731,Smishing-Dataset-IMC25,reportsmishing/Smishing-Dataset-IMC25,Dear Consumer Your Your HDFC Reward Points Worth. Rs <OTP> - will expire soon Please . Click here <URL>,smishing,needs_review,banking,English,near_duplicate,"Imported from IMC25 English-only smishing corpus. Lure principles: authority,need and greed,time/urgency. Named entity tag: HDFC Bank. | round1_source_triage 2026-05-07: needs_review; Likely near-duplicate/campaign repetition; representative approved first. confidence=high"
imc25_english_smish_00201,Smishing-Dataset-IMC25,reportsmishing/Smishing-Dataset-IMC25,"Hey, <NAMED_ENTITY> from Nutristop RPQ! Hope you're having <DATE_TIME>, I just wanted to share that we are starting weigh-ins for our <DATE_TIME> transformation challenge starts <DATE_TIME>! Weigh-ins are from <DATE_TIME>, and you will have the chance to win $500! It is free entry with purchase of any 3-item stack or $25 dollar entry fee with exclusive in-store discounts. If interested, shoot me a text back or fill out this google form and we will follow up with you <DATE_TIME>.",smishing,needs_review,spam,English,unique,"Imported from IMC25 English-only smishing corpus. Lure principles: herd,need and greed,time/urgency. Named entity tag: nutristop rpq. | round1_source_triage 2026-05-07: needs_review; IMC25 row is too short, too long, or fragmentary for direct approval. confidence=medium"
imc25_english_smish_06144,Smishing-Dataset-IMC25,reportsmishing/Smishing-Dataset-IMC25,Start <DATE_TIME> right! Free-McDonald’s :,smishing,needs_review,spam,English,unique,"Imported from IMC25 English-only smishing corpus. Lure principles: need and greed. Named entity tag: mcdonalds. | round1_source_triage 2026-05-07: needs_review; IMC25 row lacks a clear phishing action, URL, contact hook, or account-risk lure. confidence=medium"
imc25_english_smish_05488,Smishing-Dataset-IMC25,reportsmishing/Smishing-Dataset-IMC25,This is fraud allocation In Neha account Zero F&O allocation happened reverse the fraud n apprise .,smishing,needs_review,others,English,unique,"Imported from IMC25 English-only smishing corpus. Lure principles: distraction. Named entity tag: neha. | round1_source_triage 2026-05-07: needs_review; IMC25 row lacks a clear phishing action, URL, contact hook, or account-risk lure. confidence=medium"
imc25_english_smish_04461,Smishing-Dataset-IMC25,reportsmishing/Smishing-Dataset-IMC25,DKCB Dear Customer: Your Account has been (Suspended) Contact <UK_NHS> Kcb Bank within <DATE_TIME>:thank you.,smishing,needs_review,banking,English,unique,"Imported from IMC25 English-only smishing corpus. Lure principles: authority,time/urgency. Named entity tag: kcb bank. | round1_source_triage 2026-05-07: needs_review; IMC25 row lacks a clear phishing action, URL, contact hook, or account-risk lure. confidence=medium"
imc25_english_smish_05387,Smishing-Dataset-IMC25,reportsmishing/Smishing-Dataset-IMC25,Dear SBI yono user your account will be block <DATE_TIME>. please update your PANCARD immediately. click the link.,smishing,needs_review,banking,English,near_duplicate,"Imported from IMC25 English-only smishing corpus. Lure principles: authority,time/urgency. Named entity tag: State Bank of India. | round1_source_triage 2026-05-07: needs_review; Likely near-duplicate/campaign repetition; representative approved first. confidence=high"
imc25_english_smish_00101,Smishing-Dataset-IMC25,reportsmishing/Smishing-Dataset-IMC25,"You have been offered a Grant of $1,450,000.00 Kindly contact <NAMED_ENTITY> with Ref#:WBG-<OTP>-01FG (Fconolly 720 @ gmail .com)",smishing,needs_review,others,English,unique,"Imported from IMC25 English-only smishing corpus. Lure principles: need and greed. | round1_source_triage 2026-05-07: needs_review; IMC25 row lacks a clear phishing action, URL, contact hook, or account-risk lure. confidence=medium"
imc25_english_smish_03928,Smishing-Dataset-IMC25,reportsmishing/Smishing-Dataset-IMC25,Paytm Secure SMS to verify your number and login: $YzU1M2E4MTIyMmQ5NWMmNWVjMmMTjYThiZTg,smishing,needs_review,banking,English,unique,"Imported from IMC25 English-only smishing corpus. Lure principles: authority. Named entity tag: Paytm. | round1_source_triage 2026-05-07: needs_review; IMC25 row lacks a clear phishing action, URL, contact hook, or account-risk lure. confidence=medium"
imc25_english_smish_00799,Smishing-Dataset-IMC25,reportsmishing/Smishing-Dataset-IMC25,This giveaway is oprahs largest ever| Discount#EX455123150,smishing,needs_review,spam,English,unique,"Imported from IMC25 English-only smishing corpus. Lure principles: herd,need and greed. Named entity tag: oprah. | round1_source_triage 2026-05-07: needs_review; IMC25 row lacks a clear phishing action, URL, contact hook, or account-risk lure. confidence=medium"
imc25_english_smish_02415,Smishing-Dataset-IMC25,reportsmishing/Smishing-Dataset-IMC25,Dear Consumer Your Electricity power will be disconnected. <DATE_TIME> at <DATE_TIME> from electricity office. Because your <DATE_TIME> bill was not update. Please immediately contact with our electricity officer <PHONE_NUMBER> Thank you.,smishing,needs_review,others,English,near_duplicate,"Imported from IMC25 English-only smishing corpus. Lure principles: authority,time/urgency. Named entity tag: electricity office. | round1_source_triage 2026-05-07: needs_review; Likely near-duplicate/campaign repetition; representative approved first. confidence=high"
imc25_english_smish_04434,Smishing-Dataset-IMC25,reportsmishing/Smishing-Dataset-IMC25,$&nMwDBqP}| XXXXXX68764 We need more social media assistants. Why post on social media platform for free when you could receive money for it? You can earn $170 per day. Apply now:,smishing,needs_review,spam,English,unique,"Imported from IMC25 English-only smishing corpus. Lure principles: need and greed,time/urgency. | round1_source_triage 2026-05-07: needs_review; IMC25 row lacks a clear phishing action, URL, contact hook, or account-risk lure. confidence=medium"
imc25_english_smish_08111,Smishing-Dataset-IMC25,reportsmishing/Smishing-Dataset-IMC25,FRM:[wellsfargo-Service Terminated!] MSG:Account Suspended. Please read this: <URL>,smishing,needs_review,banking,English,near_duplicate,"Imported from IMC25 English-only smishing corpus. Lure principles: authority,time/urgency. Named entity tag: wells fargo. | round1_source_triage 2026-05-07: needs_review; Likely near-duplicate/campaign repetition; representative approved first. confidence=high"
imc25_english_smish_03656,Smishing-Dataset-IMC25,reportsmishing/Smishing-Dataset-IMC25,Dear Customer Your HDFC bank account has been blocked <DATE_TIME> please update your PAN Card Immediately via link <URL> Thank you,smishing,needs_review,banking,English,near_duplicate,"Imported from IMC25 English-only smishing corpus. Lure principles: authority,time/urgency. Named entity tag: HDFC Bank. | round1_source_triage 2026-05-07: needs_review; Likely near-duplicate/campaign repetition; representative approved first. confidence=high"
imc25_english_smish_03203,Smishing-Dataset-IMC25,reportsmishing/Smishing-Dataset-IMC25,Dear SBI Customer Your SBI Y0N0 Account has been Suspended <DATE_TIME> please Update Your PAN Card number Click here link: <URL> THANK YOU SBI,smishing,needs_review,banking,English,near_duplicate,"Imported from IMC25 English-only smishing corpus. Lure principles: authority,time/urgency. Named entity tag: State Bank of India. | round1_source_triage 2026-05-07: needs_review; Likely near-duplicate/campaign repetition; representative approved first. confidence=high"
imc25_english_smish_00708,Smishing-Dataset-IMC25,reportsmishing/Smishing-Dataset-IMC25,WELLS FARGO: Validation required on your account,smishing,needs_review,banking,English,unique,"Imported from IMC25 English-only smishing corpus. Lure principles: authority,time/urgency. Named entity tag: wells fargo. | round1_source_triage 2026-05-07: needs_review; IMC25 row lacks a clear phishing action, URL, contact hook, or account-risk lure. confidence=medium"
imc25_english_smish_05027,Smishing-Dataset-IMC25,reportsmishing/Smishing-Dataset-IMC25,Yello you have resiviled <OTP> millions,smishing,needs_review,spam,English,unique,"Imported from IMC25 English-only smishing corpus. Lure principles: need and greed. | round1_source_triage 2026-05-07: needs_review; IMC25 row lacks a clear phishing action, URL, contact hook, or account-risk lure. confidence=medium"
imc25_english_smish_05819,Smishing-Dataset-IMC25,reportsmishing/Smishing-Dataset-IMC25,Please complete your KYC verification process to continue using SBI YONO services. Your cooperation is highly appreciated. <URL> Thank you Please complete your KYC verification process to continue using YONO SBI services. Your cooperation is highly appreciated. <URL> Thank you,smishing,needs_review,banking,English,near_duplicate,"Imported from IMC25 English-only smishing corpus. Lure principles: authority,time/urgency. Named entity tag: State Bank of India. | round1_source_triage 2026-05-07: needs_review; Likely near-duplicate/campaign repetition; representative approved first. confidence=high"
imc25_english_smish_03341,Smishing-Dataset-IMC25,reportsmishing/Smishing-Dataset-IMC25,Dear Applicant CHAIN REACTION CONSULTING Would like to acknowledge your time taken to apply in our organization online on Executive Placement therefore we would like to book you for an interview on <DATE_TIME>: <DATE_TIME> Time: 12:00Pm ADDRESS: 108 fox Street Johannesburg CBD (14th floor Above Nandos <LOCATION>) Position: Customer Service Consultant Dress Code: <OTP> Please bring your Cv with you For more info call Mon-Fri between 08:00am/ 16:00Pm (we are not available after hours & Weekends) Kind Regards HR <NAMED_ENTITY>,smishing,needs_review,others,English,unique,"Imported from IMC25 English-only smishing corpus. Named entity tag: chain reaction consulting. | round1_source_triage 2026-05-07: needs_review; IMC25 row is too short, too long, or fragmentary for direct approval. confidence=medium"
imc25_english_smish_07102,Smishing-Dataset-IMC25,reportsmishing/Smishing-Dataset-IMC25,DEAR HDFC USER Your A/C will be blocked <DATE_TIME>. Update your PANCARD for KYC. verify your account login with NetBanking click here <URL>,smishing,needs_review,banking,English,near_duplicate,"Imported from IMC25 English-only smishing corpus. Lure principles: authority,time/urgency. Named entity tag: HDFC Bank. | round1_source_triage 2026-05-07: needs_review; Likely near-duplicate/campaign repetition; representative approved first. confidence=high"
imc25_english_smish_04723,Smishing-Dataset-IMC25,reportsmishing/Smishing-Dataset-IMC25,Dear consumer your electricity power will be disconnected from <DATE_TIME> at <DATE_TIME> because due to not updating your electricity bill for <DATE_TIME> kindly contact electricity office number <PHONE_NUMBER> for further details thank you.,smishing,needs_review,others,English,near_duplicate,"Imported from IMC25 English-only smishing corpus. Lure principles: authority,time/urgency. | round1_source_triage 2026-05-07: needs_review; Likely near-duplicate/campaign repetition; representative approved first. confidence=high"
imc25_english_smish_07198,Smishing-Dataset-IMC25,reportsmishing/Smishing-Dataset-IMC25,Join the SBET community and get rewarded! Stay updated and get GCash DEPOSIT BONUS!,smishing,needs_review,spam,English,unique,"Imported from IMC25 English-only smishing corpus. Lure principles: need and greed. Named entity tag: sbet. | round1_source_triage 2026-05-07: needs_review; IMC25 row lacks a clear phishing action, URL, contact hook, or account-risk lure. confidence=medium"
imc25_english_smish_06099,Smishing-Dataset-IMC25,reportsmishing/Smishing-Dataset-IMC25,SMS your 9 digits PVC code to <OTP> to know your polling unit (<LOCATION>) for the upcoming election. Service Cost <US_DRIVER_LICENSE>/SMS,smishing,needs_review,others,English,unique,"Imported from IMC25 English-only smishing corpus. Lure principles: authority,time/urgency. | round1_source_triage 2026-05-07: needs_review; IMC25 row lacks a clear phishing action, URL, contact hook, or account-risk lure. confidence=medium"
imc25_english_smish_05078,Smishing-Dataset-IMC25,reportsmishing/Smishing-Dataset-IMC25,<NAMED_ENTITY>: Don't share this OTP. It will be used to make purchases on <NAMED_ENTITY>...,smishing,needs_review,others,English,unique,"Imported from IMC25 English-only smishing corpus. Lure principles: authority,time/urgency. Named entity tag: zomato. | round1_source_triage 2026-05-07: needs_review; IMC25 row lacks a clear phishing action, URL, contact hook, or account-risk lure. confidence=medium"
imc25_english_smish_02694,Smishing-Dataset-IMC25,reportsmishing/Smishing-Dataset-IMC25,Dear SBI User Your SBI account will be deactivated <DATE_TIME>. Please click on the Link below and update PAN number immediately,smishing,needs_review,banking,English,near_duplicate,"Imported from IMC25 English-only smishing corpus. Lure principles: authority,time/urgency. Named entity tag: State Bank of India. | round1_source_triage 2026-05-07: needs_review; Likely near-duplicate/campaign repetition; representative approved first. confidence=high"
imc25_english_smish_01417,Smishing-Dataset-IMC25,reportsmishing/Smishing-Dataset-IMC25,this is officer <NAMED_ENTITY> with the icac internet crimes against children criminal investigation division I'm going to need you to contact me back here immediately sir!,smishing,needs_review,government,English,unique,"Imported from IMC25 English-only smishing corpus. Lure principles: authority,time/urgency. Named entity tag: icac internet crimes against children. | round1_source_triage 2026-05-07: needs_review; IMC25 row lacks a clear phishing action, URL, contact hook, or account-risk lure. confidence=medium"
imc25_english_smish_06275,Smishing-Dataset-IMC25,reportsmishing/Smishing-Dataset-IMC25,I'm at Woolworths and brought the wrong card with me! Can you please urgently send me $700 I will pay you back when I get home. BSB: 670-ACC: <OTP>,smishing,needs_review,others,English,near_duplicate,"Imported from IMC25 English-only smishing corpus. Lure principles: kindness,time/urgency. Named entity tag: woolworths. | round1_source_triage 2026-05-07: needs_review; Likely near-duplicate/campaign repetition; representative approved first. confidence=high"
imc25_english_smish_00710,Smishing-Dataset-IMC25,reportsmishing/Smishing-Dataset-IMC25,YOU turned Auto-Scan OFF on your device! 3 Malicious files have been found! Enable Auto-Scan now,smishing,needs_review,others,English,unique,"Imported from IMC25 English-only smishing corpus. Lure principles: distraction,time/urgency. | round1_source_triage 2026-05-07: needs_review; IMC25 row lacks a clear phishing action, URL, contact hook, or account-risk lure. confidence=medium"
imc25_english_smish_03228,Smishing-Dataset-IMC25,reportsmishing/Smishing-Dataset-IMC25,Your shipment requires your instructions. please click on the link below and fill out...,smishing,needs_review,delivery,English,unique,"Imported from IMC25 English-only smishing corpus. Lure principles: distraction. | round1_source_triage 2026-05-07: needs_review; IMC25 row lacks a clear phishing action, URL, contact hook, or account-risk lure. confidence=medium"
imc25_english_smish_03199,Smishing-Dataset-IMC25,reportsmishing/Smishing-Dataset-IMC25,Santander - An attempt to add <NAMED_ENTITY> as a trusted payee was successful on 29/03. If this was NOT you visit:,smishing,needs_review,banking,English,unique,"Imported from IMC25 English-only smishing corpus. Lure principles: authority,time/urgency. Named entity tag: Santander Bank. | round1_source_triage 2026-05-07: needs_review; IMC25 row lacks a clear phishing action, URL, contact hook, or account-risk lure. confidence=medium"
imc25_english_smish_01617,Smishing-Dataset-IMC25,reportsmishing/Smishing-Dataset-IMC25,TARGET: Your verification code is <DATE_TIME>,smishing,needs_review,others,English,unique,"Imported from IMC25 English-only smishing corpus. Named entity tag: target. | round1_source_triage 2026-05-07: needs_review; IMC25 row lacks a clear phishing action, URL, contact hook, or account-risk lure. confidence=medium"
imc25_english_smish_07190,Smishing-Dataset-IMC25,reportsmishing/Smishing-Dataset-IMC25,eflow:3.20 EUR for your travel and expenses due to <OTP>. Please pay immediately to avoid any charges.,smishing,needs_review,others,English,near_duplicate,"Imported from IMC25 English-only smishing corpus. Lure principles: need and greed,time/urgency. Named entity tag: eflow. | round1_source_triage 2026-05-07: needs_review; Likely near-duplicate/campaign repetition; representative approved first. confidence=high"
imc25_english_smish_00126,Smishing-Dataset-IMC25,reportsmishing/Smishing-Dataset-IMC25,IRS-STATEMENT-CLAIM.pdf PDF Document - 84 <NRP>,smishing,needs_review,government,English,unique,"Imported from IMC25 English-only smishing corpus. Lure principles: authority. Named entity tag: IRS. | round1_source_triage 2026-05-07: needs_review; IMC25 row lacks a clear phishing action, URL, contact hook, or account-risk lure. confidence=medium"
imc25_english_smish_05349,Smishing-Dataset-IMC25,reportsmishing/Smishing-Dataset-IMC25,SBI yono user your A/C will be blocked <DATE_TIME> update PAN NUMBER for EKYC click here,smishing,needs_review,banking,English,unique,"Imported from IMC25 English-only smishing corpus. Lure principles: authority,time/urgency. Named entity tag: State Bank of India. | round1_source_triage 2026-05-07: needs_review; IMC25 row lacks a clear phishing action, URL, contact hook, or account-risk lure. confidence=medium"
imc25_english_smish_04585,Smishing-Dataset-IMC25,reportsmishing/Smishing-Dataset-IMC25,Hi siz KDF is doing replacement & I've 3 vacancies send me the details of Ken & 2 others with D+ & above.U can also get me on <UK_NHS> Maj.Ndambuki.,smishing,needs_review,others,English,unique,"Imported from IMC25 English-only smishing corpus. Lure principles: authority. Named entity tag: kdf. | round1_source_triage 2026-05-07: needs_review; IMC25 row lacks a clear phishing action, URL, contact hook, or account-risk lure. confidence=medium"
imc25_english_smish_00514,Smishing-Dataset-IMC25,reportsmishing/Smishing-Dataset-IMC25,"Hi <NAMED_ENTITY> I, <NAMED_ENTITY> proud <NRP> leader ask ALL my supporters: Vote <NAMED_ENTITY>. End jail deaths! Paid by Hemmerling4Sheriff Stop2End",smishing,needs_review,others,English,unique,"Imported from IMC25 English-only smishing corpus. Lure principles: authority. Named entity tag: john hemmerling. | round1_source_triage 2026-05-07: needs_review; IMC25 row lacks a clear phishing action, URL, contact hook, or account-risk lure. confidence=medium"
imc25_english_smish_05032,Smishing-Dataset-IMC25,reportsmishing/Smishing-Dataset-IMC25,<US_DRIVER_LICENSE>: <URL>,smishing,needs_review,telecom,English,near_duplicate,Imported from IMC25 English-only smishing corpus. Lure principles: authority. Named entity tag: O2. | round1_source_triage 2026-05-07: needs_review; Likely near-duplicate/campaign repetition; representative approved first. confidence=high
imc25_english_smish_00983,Smishing-Dataset-IMC25,reportsmishing/Smishing-Dataset-IMC25,$80 Gift Card - HomeDepot Survey,smishing,needs_review,spam,English,unique,"Imported from IMC25 English-only smishing corpus. Lure principles: authority,need and greed. Named entity tag: homedepot. | round1_source_triage 2026-05-07: needs_review; IMC25 row lacks a clear phishing action, URL, contact hook, or account-risk lure. confidence=medium"
imc25_english_smish_04022,Smishing-Dataset-IMC25,reportsmishing/Smishing-Dataset-IMC25,Sorry your verification has been rejected. The reason for failure is as follows: As per updated compliance standards regarding EU anti-money laundering directives you must complete the latest identity verification process to access Binance services.. Please read the FAQs and Help section on our website and retry.,smishing,needs_review,others,English,unique,"Imported from IMC25 English-only smishing corpus. Lure principles: authority,time/urgency. Named entity tag: Binance. | round1_source_triage 2026-05-07: needs_review; IMC25 row lacks a clear phishing action, URL, contact hook, or account-risk lure. confidence=medium"
imc25_english_smish_05324,Smishing-Dataset-IMC25,reportsmishing/Smishing-Dataset-IMC25,[USPS] Package delivery has been suspended due to incomplete house numbers please modify the address online in time,smishing,needs_review,delivery,English,unique,"Imported from IMC25 English-only smishing corpus. Lure principles: authority,time/urgency. Named entity tag: USPS. | round1_source_triage 2026-05-07: needs_review; IMC25 row lacks a clear phishing action, URL, contact hook, or account-risk lure. confidence=medium"
imc25_english_smish_05121,Smishing-Dataset-IMC25,reportsmishing/Smishing-Dataset-IMC25,Dear SBI User Your SBI Netbanking will be Block <DATE_TIME> Please click on the link and update your PAN no. immediately-,smishing,needs_review,banking,English,unique,"Imported from IMC25 English-only smishing corpus. Lure principles: authority,time/urgency. Named entity tag: State Bank of India. | round1_source_triage 2026-05-07: needs_review; IMC25 row lacks a clear phishing action, URL, contact hook, or account-risk lure. confidence=medium"
imc25_english_smish_05795,Smishing-Dataset-IMC25,reportsmishing/Smishing-Dataset-IMC25,We regret to inform you that your Netflix membership has been placed on hold due to issues with your billing information. We kindly request to update your billing information as soon as possible to continue using your account without any interruption. To update your billing information please follow the instructions by click on link below :,smishing,needs_review,others,English,unique,"Imported from IMC25 English-only smishing corpus. Lure principles: authority,need and greed,time/urgency. Named entity tag: Netflix. | round1_source_triage 2026-05-07: needs_review; IMC25 row is too short, too long, or fragmentary for direct approval. confidence=medium"
imc25_english_smish_00574,Smishing-Dataset-IMC25,reportsmishing/Smishing-Dataset-IMC25,We found Rent to Own homes near you Easy approval From $425 to 735,smishing,needs_review,spam,English,unique,"Imported from IMC25 English-only smishing corpus. Lure principles: need and greed. | round1_source_triage 2026-05-07: needs_review; IMC25 row lacks a clear phishing action, URL, contact hook, or account-risk lure. confidence=medium"
imc25_english_smish_05251,Smishing-Dataset-IMC25,reportsmishing/Smishing-Dataset-IMC25,To validate your mobile number in CVL KRA as per SEBI guidelines. click on <URL>,smishing,needs_review,others,English,near_duplicate,Imported from IMC25 English-only smishing corpus. Lure principles: authority. Named entity tag: sebi. | round1_source_triage 2026-05-07: needs_review; Likely near-duplicate/campaign repetition; representative approved first. confidence=high
imc25_english_smish_06423,Smishing-Dataset-IMC25,reportsmishing/Smishing-Dataset-IMC25,Dear customer your electricity will be dis-connected <DATE_TIME> 10:30pm <DATE_TIME> bill not update please call electricity customer care <DATE_TIME> Thank you,smishing,needs_review,others,English,unique,"Imported from IMC25 English-only smishing corpus. Lure principles: authority,time/urgency. | round1_source_triage 2026-05-07: needs_review; IMC25 row lacks a clear phishing action, URL, contact hook, or account-risk lure. confidence=medium"
imc25_english_smish_00466,Smishing-Dataset-IMC25,reportsmishing/Smishing-Dataset-IMC25,"[ I.R.S ] You will receive a tax refund of $573.00, but cannot process it due to incomplete personal information. Please confirm your information in the link. <URL> (Please reply ""y"", then exit the SMS, open the SMS activation link again, or copy the link and open it in Safari browser) mission of the IRS is to help <NRP> taxpayers understand and meet their tax obligations and to provide them with the highest quality service.",smishing,needs_review,government,English,unique,"Imported from IMC25 English-only smishing corpus. Lure principles: authority,need and greed,time/urgency. Named entity tag: IRS. | round1_source_triage 2026-05-07: needs_review; IMC25 row is too short, too long, or fragmentary for direct approval. confidence=medium"
imc25_english_smish_00351,Smishing-Dataset-IMC25,reportsmishing/Smishing-Dataset-IMC25,"If you drive around with a Twix Chocolate bar sticker on your car, Twix will pay you $700 every week. You'll receive $700 every week with no mileage restriction if you take the tag without damaging the paint. Please provide the following information to get started: Full name: Address including street & apt# city state & zip code: <OTP>/ Age To process your <DATE_TIME> payment asap. Thank Below is how the sticker will be on the Door of the driver's side",smishing,needs_review,spam,English,unique,"Imported from IMC25 English-only smishing corpus. Lure principles: need and greed,time/urgency. Named entity tag: twix. | round1_source_triage 2026-05-07: needs_review; IMC25 row is too short, too long, or fragmentary for direct approval. confidence=medium"
imc25_english_smish_05580,Smishing-Dataset-IMC25,reportsmishing/Smishing-Dataset-IMC25,We don't send SMSe about fund transfers. Ever. 😱,smishing,needs_review,banking,English,unique,"Imported from IMC25 English-only smishing corpus. Lure principles: authority. | round1_source_triage 2026-05-07: needs_review; IMC25 row lacks a clear phishing action, URL, contact hook, or account-risk lure. confidence=medium"
imc25_english_smish_06019,Smishing-Dataset-IMC25,reportsmishing/Smishing-Dataset-IMC25,Thank you for your spam SMS report on <DATE_TIME> at <DATE_TIME> about [Scam message. I have no ...]. Your report helps the ACMA identify potential breaches of the spam rules.,smishing,needs_review,others,English,unique,"Imported from IMC25 English-only smishing corpus. Named entity tag: acma. | round1_source_triage 2026-05-07: needs_review; IMC25 row lacks a clear phishing action, URL, contact hook, or account-risk lure. confidence=medium"
imc25_english_smish_07378,Smishing-Dataset-IMC25,reportsmishing/Smishing-Dataset-IMC25,Hello do you need a part-time job? salary At least <PHONE> per day. There is no application fee. Simple steps anytime anywhere <LOCATION> phone can operate over <DATE_TIME> If you are interested in this job please contact WhatsApp:+<US_BANK_NUMBER>!,smishing,needs_review,spam,English,near_duplicate,"Imported from IMC25 English-only smishing corpus. Lure principles: distraction,need and greed. | round1_source_triage 2026-05-07: needs_review; Likely near-duplicate/campaign repetition; representative approved first. confidence=high"
imc25_english_smish_06540,Smishing-Dataset-IMC25,reportsmishing/Smishing-Dataset-IMC25,XXXX is the <NAMED_ENTITY> (one time password) for updating your RBL Bank Credit Card settings. DO NOT SHARE OTP <OTP> ANYONE.,smishing,needs_review,banking,English,unique,"Imported from IMC25 English-only smishing corpus. Lure principles: authority,time/urgency. Named entity tag: rbl bank. | round1_source_triage 2026-05-07: needs_review; IMC25 row lacks a clear phishing action, URL, contact hook, or account-risk lure. confidence=medium"
imc25_english_smish_02719,Smishing-Dataset-IMC25,reportsmishing/Smishing-Dataset-IMC25,SBI NETBANKING USER Your A/C will be blocked. By <DATE_TIME> Please Update your PANCARD Number click here link.,smishing,needs_review,banking,English,unique,"Imported from IMC25 English-only smishing corpus. Lure principles: authority,time/urgency. Named entity tag: State Bank of India. | round1_source_triage 2026-05-07: needs_review; IMC25 row lacks a clear phishing action, URL, contact hook, or account-risk lure. confidence=medium"
imc25_english_smish_03125,Smishing-Dataset-IMC25,reportsmishing/Smishing-Dataset-IMC25,LINKT: You have a toll trip on <DATE_TIME> was not charged promptly. Check details via Reminder from <NAMED_ENTITY>: You have an overdue tollway bill on <DATE_TIME>. Pay NOW to save up the late fees.,smishing,needs_review,others,English,unique,"Imported from IMC25 English-only smishing corpus. Lure principles: authority,time/urgency. Named entity tag:  transurban,linkt. | round1_source_triage 2026-05-07: needs_review; IMC25 row lacks a clear phishing action, URL, contact hook, or account-risk lure. confidence=medium"
imc25_english_smish_04788,Smishing-Dataset-IMC25,reportsmishing/Smishing-Dataset-IMC25,Dear SBI Customer Your SBI Y0N0 Account has been Suspended <DATE_TIME> please Update Your PAN Card number Click here link https://,smishing,needs_review,banking,English,near_duplicate,"Imported from IMC25 English-only smishing corpus. Lure principles: authority,time/urgency. Named entity tag: State Bank of India. | round1_source_triage 2026-05-07: needs_review; Likely near-duplicate/campaign repetition; representative approved first. confidence=high"
imc25_english_smish_05697,Smishing-Dataset-IMC25,reportsmishing/Smishing-Dataset-IMC25,Dear SBI user Your SBI YONO account has been blocked <DATE_TIME> please update your PAN Card Immediately by link <URL> SBI TEAM,smishing,needs_review,banking,English,near_duplicate,"Imported from IMC25 English-only smishing corpus. Lure principles: authority,time/urgency. Named entity tag: State Bank of India. | round1_source_triage 2026-05-07: needs_review; Likely near-duplicate/campaign repetition; representative approved first. confidence=high"
